X,Y,Z
-0.00411723096927771,0.00950988643291059,0.00792863068149239
-0.0282005573167119,0.0070580617068452,0.00440147178258461
-0.0285584453472376,0.00704057593869335,0.00438151415753414
-0.0360171961298749,0.00686874909062869,-0.000255711650926385
-0.0262081331472073,-0.00434225150259943,0.000210420638266942
-0.0253564737412299,-0.00494980789453937,0.000137494330047335
-0.0268038207867556,-0.0040816727660873,0.00139830559835218
-0.0230497997105762,-0.000344383642671988,0.00455101393607468
-0.0122192160844724,-0.00347357050827443,0.00555614651913761
-0.0216271925418478,-0.00195665138469486,0.00448995060712833
-0.00478762567776549,-0.00962130292869998,0.000346833358598603
0.00928995624080081,-0.0104755686069537,0.00042647558178516
0.00821852720291833,-0.00743279736613336,0.0083899437329337
-0.000931541414011217,-0.0093893471504831,0.0058744347122567
0.0189772624229341,-0.00650417153901019,0.00021508576700587
0.00947709342880558,-0.00706123046201843,0.00759688550482223
0.0162917462227037,-0.00571595082992296,0.000161759244936992
0.0191568369016168,0.00448941360594849,0.00998766947071569
0.0190796438274802,0.00123041831207244,0.00926275401697112
0.0165709861287425,0.00410041248731308,-0.000119883930644547
0.0143060076051486,0.00642664444892092,-0.000190047149506442
0.0144232616975679,0.00376684817018888,0.0035242063096648
0.00480873444433603,-0.00660106716709938,0.00991991073905887
0.00408411522669086,0.00396191875643761,0.0112682489208444
0.0147416439442316,-0.00320826860397586,0.0113315534559126
-0.00430895560387741,0.00341450349338734,0.00834834652113826
0.00705328866964973,0.00219694630328215,0.0116470043975168
-0.00496871336880074,0.00856312695114198,0.00872835492439414
0.0115896971095118,0.0144353566323172,0.0127477507028762
0.0140087240693727,0.00491294580511969,0.011560910552331
0.0150796455332769,0.00500071054781294,0.0109128150135326
0.0134432622117714,-0.00164454420370078,0.0109960989175982
0.0166723367520987,-0.00488654394142029,0.00747087119305491
0.0113833674900743,0.0156886403480214,0.0115146054832262
0.0103057327946668,0.0163881849717769,0.00599408459409819
0.0122743913729159,0.016155919466255,0.00883339949631116
-0.00811862130955632,0.00502587123664357,0.00724174882476248
0.00146705548277627,-0.00692498840758957,0.00887030460562229
-0.0100724442886289,-0.00545194272734711,0.00620652462296881
-0.0064602977901083,0.00312637941874886,0.00744737693583173
-0.00146354000759598,-0.00916467622370943,0.00505427897238176
-0.0047125656524226,-0.00887925332186133,0.00425231601579982
-0.0052208748726884,0.00930277878376115,0.00794335327917542
-0.00631770733631395,0.00921280819835084,0.0077422264774989
-0.00743537330693788,0.00917429728290686,0.00751536356125044
-0.00853850107983901,0.0091421359586827,0.007266659463181
-0.00975345583595695,0.00915148848246805,0.00706041896316065
-0.0110322422475789,0.00918423387007133,0.00688453918058639
-0.0122661615697709,0.00917387092310188,0.00665243546085187
-0.0134477686060164,0.00908892273603908,0.00642776084328005
-0.0146465697185963,0.00902827357995737,0.00623278567326276
-0.0158170731340562,0.0089645180071761,0.00605027768797866
-0.0169923070390423,0.00887463762840874,0.00587135216832054
-0.0181623046248518,0.00875924661577576,0.00569576488882383
-0.0193358782806012,0.00866096586135436,0.00555423710776115
-0.0205634950168837,0.0085235123710242,0.0054668094816551
-0.0217402650810797,0.00829820703210825,0.00531114724613746
-0.0229887858285425,0.00807939093789679,0.0052003011172225
-0.0242518205769195,0.00789781810905211,0.00510005857169017
-0.0253945721801515,0.00770875979772679,0.00500300497242557
-0.0264000214420592,0.00748186980497849,0.00488286770210753
-0.0273462173211294,0.00728848390572601,0.00471964088938079
-0.0280060249053726,0.00619469448788688,0.00449543220295076
-0.0275340743418338,0.0055621247386556,0.00452710228935068
-0.0270186369747981,0.00491216764770436,0.00448746318489218
-0.0264687325358493,0.00429179287572038,0.00447949093482969
-0.0258759493386214,0.00370064572705275,0.00444832556987123
-0.0251852084640494,0.00307337823409755,0.00435494558403452
-0.0245223243863984,0.00238032258799936,0.00421090776301404
-0.0237619150750204,0.00164817242034098,0.00411349637665449
-0.0228710322734121,0.00101411296806807,0.00415701070491086
-0.021901064079997,0.000622496227918966,0.00435664938995014
-0.0208845130875067,0.000200990625255231,0.00447519185867848
-0.0199553140650562,-0.000318637856889535,0.00456715205579701
-0.0190790810055179,-0.000780713562139272,0.00463719232707111
-0.0182097677223991,-0.00120696484157889,0.004684132692922
-0.0173147925230935,-0.00165580103105219,0.0047787092590184
-0.0164573083286103,-0.00207275324359456,0.00488324224789517
-0.01560926335393,-0.00245760989734038,0.00494850399615737
-0.0147284690438803,-0.00279687875416234,0.00505850100564675
-0.0138784715647225,-0.00311708543843082,0.00520797527691264
-0.0129941805442157,-0.00337075361435316,0.00536459105741788
-0.0126140084282559,-0.00270654273067809,0.00555957669181264
-0.0131191908416018,-0.00187477301414474,0.00555068159961357
-0.0137309759070218,-0.00104777443432201,0.00557263412440075
-0.0144493221543197,-0.000235830395084643,0.00557852280657932
-0.0150367811232418,0.000601660164484303,0.0056441405309901
-0.0155337632525915,0.00147767105717749,0.00573220512943349
-0.0157846660169402,0.00241044458694739,0.00583317805428197
-0.0156027733760111,0.00335222680524685,0.00603712823085871
-0.015088236203472,0.00416607512925015,0.00623740784016772
-0.0144095211022899,0.00473267057208517,0.00646865584744386
-0.013533116434104,0.00523940478549601,0.00664532521481347
-0.0125118485989511,0.00563453358746938,0.00681458243209124
-0.0113924542329198,0.00584272443781361,0.00702564859374154
-0.0102898748756936,0.00598717494148945,0.00723317338656721
-0.00916663794687088,0.00616510991334616,0.00741331554314634
-0.0082043301304637,0.0066114743395351,0.00761304466116088
-0.00739279508991475,0.00701845871414217,0.00779247494134389
-0.00661036492939518,0.00755596940795695,0.00790475657499187
-0.00583712022930508,0.0081035205424477,0.00799494388125842
-0.00501826849698299,0.00877267287087104,0.00813881695247732
-0.0289284699280776,0.00712436761848504,0.00442359586784417
-0.0293951584338688,0.00719456715036936,0.00438383261653307
-0.0298238186717279,0.0071974488052882,0.00427065375845322
-0.030241148017164,0.00720153540890159,0.00412951098628601
-0.030662155194464,0.00729244942200639,0.00401313954087618
-0.0310926117151099,0.00737556556741738,0.00385192055914434
-0.0315319886526892,0.00735552004334703,0.00369215808037991
-0.0319845576308516,0.00733657441429925,0.00353125795736903
-0.0324056275627665,0.00734703367227784,0.00336191095028053
-0.0328634522919726,0.00733597980022717,0.00319228614954536
-0.0333250935009617,0.00729293287120392,0.00301425185629873
-0.0337264666644439,0.00724275576205022,0.00280875645882767
-0.0341551527123804,0.00719404140914175,0.00260383217858559
-0.0345493066766672,0.0071952869389949,0.00235306468759875
-0.034925564496285,0.00721713914682225,0.0020771185604231
-0.0352470922186597,0.0072200533932289,0.00175967573596677
-0.0354964802301064,0.00713521331147266,0.00142866597249329
-0.0356945274815053,0.00705115180640377,0.00106725381184177
-0.0358977077585355,0.00700361153778392,0.000669664537293905
-0.0360110436445826,0.00693933621823833,0.000223993612106263
-0.0359565645786828,0.00614089834332177,-0.00022842112260257
-0.0357543155623401,0.00540218214736732,-0.000190838647874058
-0.0354834225484063,0.00468336196865889,-0.000147208719961217
-0.0351290024790092,0.00400671980809527,-0.000129867680016416
-0.0347487369319436,0.00335268521373375,-0.000116126833637132
-0.034350087397795,0.00271268934617861,-9.29892879219989e-05
-0.0339410072039896,0.00210595591454932,-5.5767966783526e-05
-0.0334914410540969,0.00154405788340722,-4.8458938070344e-05
-0.0330357383206258,0.00100850208315051,-4.05339817801808e-05
-0.0325619510931609,0.000486455318634679,-2.69168427786144e-05
-0.0320791881338367,-4.33439776140748e-05,-3.5915205464517e-05
-0.0315993988399796,-0.000568250546634485,-4.42137922212954e-05
-0.0311208129205935,-0.00108613019475073,-3.13579412432577e-05
-0.0306307919780449,-0.00154148129322979,-2.06624251769778e-07
-0.030125450657771,-0.00203255294508956,1.64717259736604e-05
-0.0295837581344026,-0.00252243760174276,3.89710318399765e-05
-0.0290494658534722,-0.00298939262749766,5.19287850797744e-05
-0.0284403647076176,-0.00348080284393829,8.93224951936544e-05
-0.0277864792248754,-0.00389261338710873,0.000121102141456609
-0.0270196941081007,-0.00419213936132112,0.000141521576753078
-0.0266366721383044,-0.00403273366021621,0.000914565823651869
-0.0272325326875609,-0.00363174175648947,0.00123140112346067
-0.027702516660598,-0.0032544271862685,0.00130816725556025
-0.0282058796210353,-0.00276904431582256,0.00138499776250885
-0.0286514463313272,-0.00217382182162897,0.00147232999799942
-0.0288542491974941,-0.00164610024025827,0.00157288195841625
-0.0289260642221031,-0.00125886691363313,0.00168042625921619
-0.028976794984843,-0.000976635141902533,0.00173780293849173
-0.028955190677096,-0.000663312381349661,0.00185590872985498
-0.0288697139152726,-0.000371180784132015,0.00202216748374584
-0.0286764389889454,-0.000136967920751157,0.00221500668559565
-0.0284593961230221,-5.11324646559454e-05,0.0023032438427889
-0.0282359675929898,0.000167919061558699,0.00251945174336728
-0.0278847708071402,0.0003582239941627,0.00271476554001934
-0.0273479333126729,0.000309367324365519,0.00291555045055617
-0.0266622319529265,0.000260200913678889,0.00315318689866633
-0.0259362069388529,0.000123448806984099,0.0033764534699689
-0.0251645000434646,-8.17106366400472e-05,0.00363807100385469
-0.0243462725664788,-0.000222513410148923,0.00395247153173106
-0.0236436427399978,-0.000322239230055328,0.0042805886840088
-0.0232873733065886,2.8764668985271e-05,0.00456475594783006
-0.0235188173927589,0.000421852189383786,0.00456079874439548
-0.0237718702483131,0.000754700084677253,0.00455183074090333
-0.0240014296765121,0.00109155442026792,0.00457506201269269
-0.0242161008886598,0.00138885557574011,0.00459886258214927
-0.0245722476984387,0.0018611371210979,0.00454074860973751
-0.0250004502687393,0.00219825914750743,0.00446844472401509
-0.0253676860598717,0.00250760423741231,0.0044096107591031
-0.025706998537035,0.00283243273609009,0.00437781238486476
-0.0260324439461863,0.00318255508428147,0.00432018137378304
-0.0263292288866519,0.0035265945720219,0.00429326494204427
-0.0266048818250057,0.00385460081115996,0.00428320446973921
-0.0268750070300607,0.00418891372423224,0.00430479558308538
-0.0271581499498183,0.00450937544561368,0.00435369245558239
-0.0274120431940231,0.00479037694648078,0.00436825309632575
-0.0276558604152639,0.00510377842580845,0.00440518010926906
-0.0279064900968379,0.00543982497449489,0.00440193894653358
-0.0281151384552526,0.00579809922759171,0.00446969055130805
-0.0283229001804615,0.00618445086483853,0.00448779105720933
-0.028474878390735,0.00660442956404716,0.00446380570924988
-0.0244837005677061,-0.00540596751273171,0.000171650730575883
-0.0235185267963882,-0.0057686462664178,0.000180422052498054
-0.0225986191050387,-0.00613358426056065,0.000185010328989588
-0.0216308005698707,-0.00644948846457276,0.000198844322091323
-0.0206424666289948,-0.00673575714218597,0.000229895093081257
-0.0196523128560205,-0.00700475383111938,0.000229090586610313
-0.0186274802628827,-0.00723117401830605,0.000233994401559564
-0.0176002979769947,-0.00749595736047512,0.000225902103340492
-0.0165801775512573,-0.00775803388148076,0.000225348182444312
-0.015534514198,-0.00800016506729781,0.000247427546104955
-0.0144746076451154,-0.00821701321297775,0.000265931678589227
-0.0134344997137772,-0.00842283305962552,0.000278134714623188
-0.0123734407456381,-0.00860582372883371,0.000295448226122097
-0.0113438891292362,-0.00876952286621534,0.000305648812435543
-0.0103086590378667,-0.00891776937131053,0.000304778554870779
-0.00928970128930686,-0.0091025094302685,0.000309830570974469
-0.00828476906778442,-0.00930351263814041,0.000305706542095122
-0.00730229657956997,-0.00952349378521062,0.000320727622662783
-0.00633414369851858,-0.00967087938664681,0.000334395123868863
-0.00548061804109321,-0.00967347472476445,0.000331640820901822
-0.00449541674623214,-0.00976657035597377,0.000724523776439715
-0.00423647009462193,-0.00986109132280114,0.00116978053124181
-0.00400595517255818,-0.00991451936227146,0.00160746861205856
-0.00379884521097608,-0.00989067215691486,0.00206237766658562
-0.0037730415073035,-0.00981532629540711,0.00259316173172757
-0.00393887359155397,-0.00968207561447537,0.0031235464190616
-0.00418287198605294,-0.00949203682622195,0.00358971978693257
-0.00442775795170493,-0.00921083543392441,0.00397932839931424
-0.00542341767808026,-0.00875525912925405,0.00453135988632552
-0.00631687101170492,-0.00843748326765415,0.00486470039441195
-0.00710250491938454,-0.00812891954030852,0.0050706203012179
-0.00777131960086164,-0.00777554599695117,0.00524464339453065
-0.00845813773465699,-0.00736322275342572,0.00536317569962658
-0.00905581424161176,-0.00694648576802291,0.00553807326945094
-0.0097331228708276,-0.00637214304017314,0.00582910923674718
-0.0103876258126354,-0.0059541188833507,0.00595910063832594
-0.0110682323013623,-0.00557353798460436,0.00594855188089244
-0.0119050720066988,-0.00525358839731174,0.00584903152301817
-0.0127841545006653,-0.00493419418711106,0.00570308964016973
-0.0137020918974475,-0.00466840132525024,0.00553246060162731
-0.0146502746683213,-0.00451133954999444,0.00537662241203643
-0.0154719410993501,-0.00427355678345321,0.00521773337332532
-0.0163463014189962,-0.004052806473634,0.00509714655784456
-0.0172414865746254,-0.00375717942439325,0.00500817142169893
-0.0182242415468911,-0.00342542712473438,0.00491777141444388
-0.0191709370466288,-0.00313547973860448,0.00482849570857193
-0.0200804257428313,-0.0028389538449825,0.0047202579761893
-0.0208973189109658,-0.00243442610784179,0.00467003603414453
-0.0216343266428811,-0.00227241561226178,0.00445577405020208
-0.0215591923067095,-0.00260753142044835,0.0044038866356526
-0.0215155459928038,-0.00298784158666049,0.00438377658691906
-0.0214615339763056,-0.00337037433836491,0.00431029555803942
-0.0214126751668621,-0.00368913688900142,0.00417995638379629
-0.021405508436281,-0.00399781644370765,0.00397746215131789
-0.0214642203995615,-0.00424236718195014,0.00380200619735656
-0.021652212177248,-0.00452862625961755,0.00358147271740129
-0.0218908101858483,-0.00473890871383517,0.00336599913281462
-0.0222273027627269,-0.00488184294507714,0.00312969770423303
-0.0226030001795692,-0.00497910641964652,0.00288567554478773
-0.0230440127880508,-0.00500878257915238,0.00267723205515505
-0.0234931821481314,-0.0049959359014584,0.00250172133414076
-0.0239499356630035,-0.00496126044018816,0.00232649145382736
-0.0243791343383985,-0.00486648559380344,0.00218840479556695
-0.0247997098000565,-0.00475411675148773,0.00206087072906391
-0.0252200317639965,-0.00463795716547526,0.00194031016033347
-0.0256404220845124,-0.00450059327486854,0.0018163751182808
-0.0260690079196955,-0.00436908466438923,0.0017158867551444
-0.02646487660361,-0.00423077843340334,0.00159218668738839
-0.0266358358818831,-0.00433305439979044,0.00137750673071336
-0.0263985415620379,-0.00452621445232738,0.00131005778364045
-0.026152199708587,-0.00467554147453708,0.00120446307775241
-0.02594360828192,-0.00480013402464891,0.00108684483811984
-0.0257481363221513,-0.00490064963355757,0.000966471834593164
-0.025585163752725,-0.00497989350004868,0.000831599746180265
-0.02542057214319,-0.00502673348305801,0.000642347962727
-0.0253400390623317,-0.00499943632073323,0.000393704451042082
-0.00416219789766734,-0.00987688139014522,0.00033774119786893
-0.00355527359755006,-0.0100954620934024,0.000345481272597908
-0.00293887475712344,-0.0102834439286476,0.000345051826386802
-0.00232291355070558,-0.010474020104847,0.00034082209772154
-0.0016967784450565,-0.0106132744496026,0.000339978408277407
-0.00101872679510135,-0.0107642310469793,0.000346247941394054
-0.00033314312224936,-0.0109076595084758,0.000351865446034373
0.000356269470443269,-0.0110129966983393,0.000352662810277364
0.00102758007958693,-0.0110934920854827,0.000355330038851593
0.00172152783992728,-0.0111818924654404,0.000363009414557231
0.00239675321895434,-0.0112398901866437,0.00036423740489274
0.00308339470240349,-0.0112870245761039,0.000365916231489826
0.0038043229940616,-0.0112770647321327,0.000367942115965469
0.00451412369818987,-0.0112353140546534,0.000378882050869455
0.00520900928156994,-0.0112104045866689,0.000368349116469573
0.00588332641080332,-0.0111763959988281,0.00037991271690627
0.0065896875701569,-0.011060931343069,0.000385596040085513
0.00728518779227312,-0.0109385572334452,0.000371724310355627
0.00800090698441558,-0.0108224131565108,0.000391004181320794
0.00867442550444159,-0.0106706226847149,0.000412939334740072
0.00931925543872282,-0.0104304123081296,0.00091179246794649
0.00938599730743243,-0.0103618659339887,0.00138494146893224
0.00944977306237229,-0.0102905574817815,0.00184428108707821
0.00946435313363104,-0.0102154644434764,0.00224429889654439
0.00949427354286926,-0.0101455683831635,0.00267546144240606
0.00948986068385777,-0.0100487738145071,0.00310199149571366
0.00945843375282016,-0.00992743718448785,0.00350586301258312
0.00939798552782591,-0.00977718986100098,0.00390354872208829
0.00932540078971619,-0.0096112501432605,0.00429951607269828
0.00927722430175785,-0.00939754466395627,0.0047199709715499
0.00920312868090107,-0.00915266743193383,0.00511269562343769
0.0091281429069648,-0.00888679284158653,0.00551815002467695
0.00911372117542772,-0.00860482175435253,0.00588367994486141
0.00904677442050691,-0.00835858962391423,0.00624189062802986
0.00898570969712688,-0.00818860629760982,0.00658137465898636
0.0088874817326884,-0.00802413029332066,0.00689186130109314
0.00877569674651065,-0.00785065372691818,0.00722912163239498
0.008652812274699,-0.00779214539349403,0.00758792442486433
0.00852872693209956,-0.00775696090224524,0.00793633686367904
0.00839732912279811,-0.00761801329969469,0.00820477025719937
0.00785505341212937,-0.00767290639726768,0.00854903924655002
0.00746228394956764,-0.00787326485903544,0.00862572538317423
0.00705024782646558,-0.0080718369465864,0.00870334773091207
0.00664651418777266,-0.00821011874212177,0.00876355393480908
0.0062528469264544,-0.00830377742399965,0.00880751534118691
0.00585354479139127,-0.00841380397564754,0.0087767577073328
0.00547478022141313,-0.00849598880352415,0.00869341962689623
0.00506521111122176,-0.00856242745024274,0.00862085502234234
0.00457530982636649,-0.00869070695351987,0.00842034007371615
0.00415054483751996,-0.0087899295017451,0.00818997758554763
0.00370303004027824,-0.00889477787968323,0.00794945647142089
0.0032338877618157,-0.00895791822098469,0.00774827982273858
0.00278741395036942,-0.00898054831750081,0.0075513573762495
0.00234534558537087,-0.00909313603682853,0.00732465609353454
0.00188246972265525,-0.00921016817525167,0.00713243030161078
0.0014295680318419,-0.00930534432321426,0.00694646783528532
0.00113177794778983,-0.00941819028831851,0.00679620915281258
0.000776028818849142,-0.00952354925737948,0.00656390319144224
0.000263429553470876,-0.00953542161017019,0.00629941760536471
-0.000323386069580563,-0.00947942715136435,0.00610186961299558
-0.000873481310631915,-0.00955818110566852,0.00561277099391824
-0.000909832141593568,-0.00965205016428173,0.00532943087283101
-0.00105839761706788,-0.00971669926490202,0.00506762302152687
-0.00127436894156409,-0.00970455457958264,0.00485985922243561
-0.00150337564835396,-0.00970754773528193,0.0047140022891547
-0.00169287099972431,-0.00973224219135681,0.00454838428060136
-0.00191791084885777,-0.00972905767140853,0.00427769496974702
-0.00214036069257107,-0.00966420491453591,0.00402241074929181
-0.00238400868412218,-0.00963958608512457,0.00374990517971045
-0.00258869283114323,-0.00966484524466598,0.00346210346280199
-0.00276677894476612,-0.0097177708959433,0.00316198309957482
-0.00296269448089419,-0.00977596150944905,0.00287627383861871
-0.00315877578077052,-0.00983119557847795,0.00261874157218981
-0.00329552630745479,-0.00991874292988541,0.00239224271278779
-0.00346199410941795,-0.00996163382476135,0.00213882764836409
-0.00365148961084272,-0.00995923184836924,0.00186006667304422
-0.00382648837610035,-0.00991428183658763,0.00157587484733496
-0.00400586163830595,-0.00985514869941833,0.00129685902029991
-0.00419419025319974,-0.00979108517021725,0.00099163584083352
-0.00446504897340909,-0.00970145799623667,0.000654833572243668
0.00981054578188953,-0.0103823788864485,0.00040479337447844
0.0103150174186795,-0.0102506924562954,0.000371086571012009
0.0109107950216712,-0.0100970992833846,0.00035759799331035
0.0115257433786457,-0.00997460315119903,0.000343884445260864
0.0121384326133269,-0.00988714877197231,0.000339073092382796
0.0127109321437,-0.00983155581950558,0.000332702471242298
0.0132677365273266,-0.00973873294019313,0.000319322945653507
0.013825096768372,-0.0096115869165047,0.0003006558247513
0.0143667166875546,-0.00947687921656622,0.000291683077601096
0.0148979139589604,-0.00934325924012996,0.00028639843877224
0.0154178360677136,-0.00922216799934817,0.000288281328213263
0.0159231160407907,-0.00907458966764426,0.000289354005204864
0.0164534032705221,-0.00890209195553423,0.000292714439723782
0.0169367897716791,-0.00867663473212148,0.000276104864417466
0.0173361026918999,-0.00844810410775247,0.000254369857491559
0.0177020105232784,-0.00822145206841077,0.000226918269706513
0.0180560948035308,-0.00798057884328897,0.00022163262505829
0.0183957028966262,-0.00767464098700637,0.000221192910135668
0.0186774942976865,-0.00730101833884517,0.000206253536798385
0.0188432145505197,-0.00690974834341145,0.000208890766474442
0.0189521096224121,-0.00658412070342543,0.00104921431628537
0.0189270630000844,-0.00651633980232254,0.00175844197978647
0.0188640776734729,-0.00643226306278268,0.00236027565463036
0.0188936786363244,-0.00617987865551934,0.00275366366988007
0.018937279659259,-0.00586251340578136,0.00304474722496522
0.0189756353678508,-0.00548831343657277,0.00352775152813891
0.0190528735900971,-0.00531827781305972,0.00404497900247474
0.0191039643941221,-0.00507189794011562,0.00452012576411128
0.0190545748435541,-0.00477564283186038,0.00513063690315028
0.0189988396805064,-0.0045218266673594,0.00578694032247788
0.0188825286705117,-0.00433357872785979,0.0063210171347398
0.0186050171756741,-0.00428782510358973,0.00667376928071586
0.0182745812880897,-0.00435453425833962,0.00690664885502143
0.0179012762583568,-0.00454698330920762,0.00717416552906491
0.0175276681606616,-0.0048376600412657,0.00729008074087385
0.0172829334516253,-0.00500708509244068,0.00737416968027778
0.0169483463606262,-0.00512291093140858,0.00730772072316089
0.0166585862731,-0.00511045868552981,0.0071516745428084
0.0163948310024234,-0.0050405243926665,0.00698519943323565
0.0159587970806539,-0.0050814403943649,0.00672670169906697
0.015515435565981,-0.00529035316645297,0.00643288831118651
0.0150210004856921,-0.00561147647907993,0.00615654424561033
0.0144065292918615,-0.00585475261185334,0.00582810401064509
0.0136403989549267,-0.00612893001061434,0.00564746233948423
0.0127557420660761,-0.00649686412986301,0.00559686219999077
0.0118442196722762,-0.00668622358450928,0.00582807474758379
0.0111749364121459,-0.00668539513696313,0.0062160691536369
0.0106099660864283,-0.00666907291668915,0.0066512814246195
0.0101939219273663,-0.00671701817917793,0.00707478193509843
0.00987916786131388,-0.00685255187637084,0.00740669759748773
0.00944594984858942,-0.00733126273319354,0.00734479917025011
0.00941334918363274,-0.00762495808846698,0.00704213262779587
0.00941603980391268,-0.0078571882113958,0.00679427721516076
0.00944821157689617,-0.0080861475545377,0.00656377566806878
0.00947007509837385,-0.00833463787631429,0.00626569066925486
0.0094965149257769,-0.00855159339806039,0.00593155597608013
0.0095280949710928,-0.00876729777922093,0.00559156149315222
0.00951529919417532,-0.00898902685640253,0.00524066498642328
0.00948981104806797,-0.00920758055654394,0.00490787350468996
0.00950041685025659,-0.00943281587185032,0.00454551804703159
0.00955740651143046,-0.00960605811151318,0.00416325971422328
0.00962806436982259,-0.00973441738072464,0.00377368613547735
0.0096820135998952,-0.00983714579481592,0.00340140529785671
0.00971373561912484,-0.00994268170345546,0.00304466642668168
0.00970967166616702,-0.0100358076834803,0.00268141786726411
0.00965978751680258,-0.0101095355460429,0.00231156896285807
0.00959851949410177,-0.0101843974975973,0.00196636921010656
0.00951649811066046,-0.0102216587530307,0.00160738930563444
0.00941963863047484,-0.0102907938971227,0.00121490489410665
0.00939035418328978,-0.0104182206820214,0.000813676973898925
0.0164478327412531,-0.00549294771559299,0.000176494069637815
0.016583836045767,-0.0052882059269028,0.000167743530874766
0.0167477179601644,-0.00506680752508711,0.000165225700533301
0.0169108905161103,-0.00482986892776996,0.000152157079088738
0.0170615128183996,-0.00455358155038124,0.000148945467233325
0.017186081099788,-0.00426757112766697,0.000132003714517191
0.0172588696165538,-0.00398964331750104,0.000110410497240167
0.0172876138546348,-0.00370326539568589,0.000100889210227344
0.0173062134978583,-0.00339222377079536,8.66996054972267e-05
0.0173025937636482,-0.00307704028681106,8.08104893552398e-05
0.0173171793857215,-0.00274615360775008,7.87201454671902e-05
0.0173300807397427,-0.00239870109531543,7.91504583072542e-05
0.0173506664887876,-0.00205248360414718,6.93267491673718e-05
0.0173872402756794,-0.0017114504187759,5.80529733580204e-05
0.0173895721930575,-0.0013882741227481,3.38982135924863e-05
0.0173720041688987,-0.00105790154503834,-3.77093356145862e-06
0.0174275842910904,-0.000752552234521701,8.10663130445622e-06
0.0174762375152917,-0.000474062516565935,1.48618981020259e-05
0.0174659196033869,-0.000180613076064381,1.71485367381014e-05
0.0174055886946048,0.000105383899617075,1.51832365323291e-05
0.0166291953483635,0.00384100699109935,0.00144854024168515
0.0165129862679153,0.00411616658979811,0.00192152113794859
0.01614395816501,0.00408747756470012,0.00234437314049118
0.0158146473141746,0.00385212336900965,0.00266266102862488
0.015495814155253,0.00367280677193441,0.00298482674947265
0.0153831144322108,0.00358747485989174,0.00332308365175431
0.0154018619338943,0.00357630265904354,0.00375880666300175
0.0155936147319814,0.00348615937244636,0.00426459059552802
0.015945717034698,0.00356382957899971,0.00473780427295866
0.0163093620272914,0.00368104194451517,0.00525096360684797
0.0166560125387427,0.00387232951127904,0.00579447749207978
0.0169911039486026,0.00414599787103331,0.00634427770828409
0.0172541158603624,0.00449395492825558,0.00684552889616765
0.0174490833002846,0.0048729436128989,0.00730340479852193
0.0176195737905139,0.00526464956463746,0.00773611563191779
0.0178669203065496,0.00560793302109794,0.00814571250954744
0.0181659540108002,0.00579282005698978,0.00856824253135424
0.0184571268061158,0.00577118871056404,0.00901332642691742
0.018759610088546,0.00546387495980029,0.00943219473483361
0.0189814784045246,0.00501458473278979,0.00975430828760774
0.019273661758295,0.00417746684886629,0.0100341209339728
0.0193589942631985,0.00386168252956647,0.0100522790983771
0.0194319056597133,0.00355495775445197,0.0100436349628339
0.0194954272085688,0.00326599203232727,0.0100118786888994
0.019549177941228,0.00298086850711492,0.00997710509500788
0.0195922774808651,0.00268672362295431,0.00994658076419431
0.0196023358721577,0.00243715994735035,0.00992018622880254
0.0195849743911472,0.00224232436000667,0.00985679213610132
0.0195380668950254,0.00211035582382172,0.00982401801863884
0.0195344215045361,0.0019546465029497,0.00976853983499094
0.0194890624688847,0.00182034172117593,0.00969381588757721
0.0194346230845201,0.00170253689595682,0.0096182703241293
0.0193581539199705,0.0015950299299255,0.00952804946627259
0.0192794198245111,0.00146544513785191,0.0094419941007918
0.0191824192110218,0.0013348841451637,0.00934980667988172
0.0189221410055852,0.000777833656323342,0.00880644141638711
0.0187535214555849,0.000376833877755101,0.00832473656130193
0.0185597150056137,9.49093502049589e-06,0.00776440691309365
0.0182702683211358,-0.000265700807520552,0.00723262668338128
0.0180003971714721,-0.000540561030353032,0.00670691447958242
0.017786258713009,-0.000833031658201831,0.00622401381015599
0.0175841498106572,-0.00118612999497811,0.0057659442461913
0.0174183318025364,-0.00150836020991741,0.00530541845207407
0.0172783660409452,-0.00182767997853091,0.00482002114763661
0.0171167938272193,-0.00205982957838397,0.00429101737060048
0.0169462552981757,-0.00229753259840951,0.00375711772271203
0.0167248173074449,-0.00263359444644423,0.00326379949764438
0.0165721830108989,-0.00308767390824562,0.00294527602247861
0.0164577366270811,-0.00353973097989752,0.00272734643216556
0.0163208607100449,-0.00401715190980545,0.00258348068761052
0.0161946756723902,-0.00453904096533658,0.00244341263489474
0.0161454079578762,-0.00496302668076062,0.00221522084013825
0.0161647861855141,-0.00530538261006137,0.00187001396251447
0.0161870872802864,-0.00555401317491394,0.00142195101946394
0.0162172248307265,-0.00575490131785372,0.00087794567872682
0.0165748699363738,0.00375008323771613,0.00105844006778797
0.0166781874278356,0.00387039006634545,0.00123822317609437
0.01671925600583,0.00400586668359805,0.00144782890546222
0.016695686675791,0.00415625379932719,0.00166138238709268
0.0166292133179033,0.00433706655526664,0.00184307523577707
0.0165151779589426,0.0045189360844542,0.00199916499709768
0.0163652826166856,0.0047160295673427,0.00211114736768556
0.0161844750986364,0.00490965426709446,0.00216291754015793
0.0159990320425714,0.00510112361050062,0.00216275570898071
0.0158137130471364,0.00527853127616667,0.00211505652123735
0.0156313314156399,0.0054819625949486,0.0020175016828721
0.0154427887310047,0.00565430877450613,0.00189143077066612
0.0152399222577433,0.00579391553904633,0.0017545039913389
0.0150326159493964,0.0059103864056573,0.00159364506180579
0.0148386331651863,0.00603922960262446,0.00141190556975423
0.0146780075136976,0.00615452981386129,0.00119639089286676
0.0145610035864429,0.00626616323102371,0.00094040080927359
0.0144492889086294,0.00636274980127165,0.000668783721592082
0.014391590244945,0.00643727772003934,0.000375282423904161
0.0143457949220168,0.00644636369660909,8.29943138386701e-05
0.0144982713985583,0.0066619793321282,-0.000187824541399614
0.0146902507810546,0.00687708468005773,-0.000177621085188744
0.0149287385850673,0.00705610888162704,-0.000169020062253099
0.0152130095519002,0.00718756783139306,-0.000162849120078781
0.0155189477650394,0.00726889168463029,-0.00015310922673945
0.0158300840835701,0.00729384762289473,-0.000140114392398196
0.0161446122849387,0.00725502065820781,-0.000126464599735555
0.0164470607232273,0.00716943937727835,-0.000111686533169248
0.016731669795045,0.00702373795964546,-9.63386518643204e-05
0.0169837513116086,0.00681485041602878,-7.95915402702609e-05
0.0172057317971222,0.00656879716196125,-7.08456212256263e-05
0.0173684531361806,0.00629461779569256,-6.14150058222313e-05
0.0174942292319086,0.00599123159846489,-6.05046109647162e-05
0.017566330874453,0.00566616939541128,-6.34062478998739e-05
0.0175873881186039,0.00534677633135221,-6.46332288948573e-05
0.0175469904257297,0.00504693369186209,-6.17652563702762e-05
0.0174456639628133,0.00478679332829388,-6.41971248843725e-05
0.0172792526881439,0.00457407060858635,-7.48524374163953e-05
0.0170655691672165,0.00440054728842007,-8.64524958440813e-05
0.0168216182395521,0.00424810867642037,-0.000102248747218985
0.0165507665333234,0.0037124794260775,0.0010877152611082
0.0166268207939835,0.00378268082832031,0.00128511903787424
0.0166464896860843,0.00388578925236751,0.00148772498142766
0.016620299161423,0.00399931002188904,0.00169015739546366
0.0165325411853099,0.00413369330953076,0.00188413691015123
0.0163695471750628,0.00423159557257013,0.00203301527912516
0.0161814121238368,0.00428013214485043,0.00216037517331354
0.0160394871034139,0.00429478449680541,0.00224613899188432
0.0158911413164316,0.00426858207778908,0.00233955974424939
0.0157406638445769,0.00423748939806351,0.00243735692797045
0.0155592732546783,0.00420340018967432,0.00249434493949925
0.0153368402006773,0.0041641017246431,0.00255290620707951
0.015159229825542,0.00412247303774498,0.00260194461040128
0.0150244250134845,0.0040835176498762,0.00266337153250091
0.0149168435583459,0.00403007149234422,0.00273568431782494
0.0148214230466291,0.00398358322028705,0.00280404775166104
0.0147309014536437,0.00394218829409109,0.00289240027594287
0.0146498491095822,0.00389397598573812,0.00301069914902539
0.0145737543982337,0.00386110967472974,0.00315657371521592
0.014508328350526,0.00383537146982092,0.00332430004366349
0.0141274053201228,0.00394865635258062,0.00340205629932198
0.0137961886204218,0.00411796635924121,0.00326947363695353
0.0134853068224712,0.00433595369220142,0.00317395265852598
0.0131987977617053,0.00461456590903876,0.00310672519021524
0.0129427345003825,0.00493847449262465,0.00305320646858504
0.012702684360912,0.00525376509106337,0.00302805061459805
0.0124654708026109,0.00555857896834455,0.00304696508483973
0.0122435947370087,0.0058206244058649,0.00307689397093872
0.0120455275867788,0.00612486665304938,0.00308561440763338
0.0118445150008528,0.00635409509085893,0.00307150525544457
0.0115969434407079,0.00658789052897564,0.00302067010053876
0.0113590267565823,0.00680217692361265,0.00293864780405278
0.011135428889728,0.00700131337225986,0.00274547651757248
0.0109287785474565,0.00718165578661724,0.00245112620618256
0.0108106875481984,0.00731622489518642,0.00211517475246543
0.0107486597350964,0.00738449266725369,0.00172992645049038
0.0106950164350315,0.0073887017998936,0.00131680318831962
0.0106792953931778,0.00733518077759801,0.000902126888093886
0.0106821061688672,0.00723765095662608,0.000505328726879397
0.0107182788204476,0.00710227145363641,0.000142823555745825
0.0110003417193172,0.00696531252738004,-0.000256992614491182
0.0111660445422575,0.00691695355436035,-0.000250782548039496
0.01134675940784,0.00684262516249659,-0.000247539550404355
0.0115344615924753,0.00674139560349474,-0.000245608864845306
0.0117072678072859,0.00663108956445494,-0.000239181388731262
0.0118691591482654,0.00652441182728728,-0.000229941825304526
0.0120222367184892,0.00641441889657488,-0.000231468532826928
0.012170957513748,0.00631258724304358,-0.000230897938875812
0.0122873988313421,0.00621514138507927,-0.000222565650609382
0.0123984048994039,0.00615434145226812,-0.000226683885756362
0.0125192210287205,0.00606762015843641,-0.000223680652128707
0.0126715743056683,0.00596845773839665,-0.00021739351269057
0.0128373744610453,0.00587720995621906,-0.000203449380583416
0.0130101958151745,0.00581636214447814,-0.000197511177115239
0.0131898543177392,0.00579970915896072,-0.000193615048125308
0.013409965233581,0.00583009421664319,-0.000190339447198347
0.0136239004204316,0.00588681176718847,-0.000187268104712858
0.0138180988283487,0.00598869832698591,-0.000189487870972577
0.0139913559584167,0.00611156958346336,-0.000188795167612463
0.0141511186534076,0.00625228860662874,-0.00018657818514503
0.00505782457829726,-0.00627330109935312,0.0102356634684329
0.00534525235928523,-0.00588843616447581,0.01050285355332
0.00562861257011339,-0.00550356706074083,0.0107739134847198
0.00594054082764654,-0.00508284637648372,0.0110171536322719
0.00624623076107142,-0.00456963711972311,0.0112304984624563
0.00648169097586579,-0.0040401476008508,0.0114006639990502
0.00663605053711465,-0.00346335663342828,0.0114984678183895
0.00669411040642377,-0.00290101294737808,0.0115679311488961
0.00664613370067291,-0.00227135302773848,0.0116446662966842
0.00652688386348184,-0.00167946509848182,0.0116744815332775
0.00639980388960667,-0.00113788537460833,0.0116444358306017
0.00624293466918878,-0.000613071373146881,0.0115896027443953
0.00600863097734122,-0.000109730278257836,0.0114925848144709
0.00574108961926906,0.000387008507593937,0.0114068076432685
0.00550640056288493,0.000972815778506166,0.0113584295729605
0.00527972080843506,0.0015437112887732,0.0113534366727979
0.00500357361341847,0.00207987789710777,0.0113419447729122
0.00472334246835258,0.00259674692446295,0.0113275816833246
0.00447041883417297,0.00302781737620057,0.0113264777831768
0.00424025060054858,0.0034675992465313,0.0113009578792042
0.00449761108405767,0.00401197501967977,0.0115295877944901
0.00503421803230359,0.00381273309589244,0.0116914021141123
0.00557382946361671,0.00358467284099988,0.0117512796218013
0.00608878754645642,0.00330256249170266,0.0117742860806332
0.00660137010509587,0.00296114823180461,0.0117994382222943
0.00708121788223377,0.00255102005310973,0.0118050250009312
0.00756070508707447,0.002052777473945,0.011780240119949
0.00813669156259055,0.0014571564963483,0.0117631981951509
0.00873850833480173,0.000906649805654912,0.0117677526012184
0.00931007764407377,0.00040897605156273,0.011738370887408
0.00984428749766073,-3.8664226035798e-05,0.0117292042010171
0.0103754475597938,-0.00045974098350696,0.0117053145608445
0.010888472091706,-0.000835668735435196,0.0116819824408719
0.0113691250704987,-0.00115332142066061,0.0116750498775449
0.0118814268911949,-0.00144343123826671,0.01163634757132
0.012394215042058,-0.00173784960018541,0.0115654460591211
0.0128806266559383,-0.00202276739764305,0.0115465603596792
0.0134000171463559,-0.0022939728212322,0.01152179574403
0.0138881371480558,-0.0025693664677713,0.0114882500291718
0.0143437640474657,-0.00285115670652591,0.0114478568284315
0.0144931102215162,-0.00361076128395466,0.0109646225836024
0.0141244747090861,-0.00401732778801892,0.010724442695247
0.0137621971190987,-0.00440104739193592,0.0106091551649634
0.0133402318787212,-0.00469990798672488,0.0104367944297696
0.0129616643124346,-0.00499607267883545,0.0102279757846962
0.0124261772782195,-0.00533758005378156,0.0101143759675804
0.0118995974527641,-0.00566510858683652,0.0101996919300076
0.0113053820019646,-0.0060211694919342,0.0101833786682582
0.0106420911234621,-0.00640013924443817,0.0101647607294923
0.00998999485704637,-0.00675803493022938,0.0101083522097797
0.00942409643207659,-0.00700442736071777,0.00989372629738171
0.0088573085728209,-0.00719658185790456,0.00967596283376506
0.00835190441739976,-0.0073285344671464,0.00945932504578182
0.00796274771231923,-0.00747463834482514,0.0094242174155966
0.00755293404265214,-0.00752194409783926,0.00947530584819889
0.0071683815855782,-0.00749456463581681,0.00954286740912023
0.00680997243640267,-0.00747780465259119,0.00960912280135913
0.00641612691106844,-0.0074276704422337,0.00974328539625139
0.00585351530937724,-0.00722238255083925,0.0098659481467627
0.00529436388359637,-0.00693657806294225,0.00993748909282931
-0.00450908870758565,0.00346658856343067,0.00831396714820295
-0.00470664767036473,0.00349252060389255,0.00823961121421325
-0.00488632313734727,0.00349814323105424,0.00814356983912574
-0.00502575254638308,0.00347942944379165,0.00804986205167912
-0.0051545944921019,0.003462650592153,0.00795344208250504
-0.00530870914825881,0.00347239892503571,0.00787717421623632
-0.00550247447082431,0.00355010238398368,0.00780327308038622
-0.00566645501131569,0.00367648549040387,0.00772502774754189
-0.00582106936455826,0.00381061887680629,0.00766282186244042
-0.00598266864531764,0.00395431776869978,0.00760836656864458
-0.00614674931181995,0.00411754972817037,0.00760510965604008
-0.00632264669256158,0.0042579429806893,0.00758106553450027
-0.00651790587191465,0.00436582862894499,0.00754795342783691
-0.00670930151798464,0.00447208945330728,0.0075096755824175
-0.00691691622695584,0.00457583597072437,0.00747044694603295
-0.00712562248923109,0.00465560147711659,0.00743185874718114
-0.00732967892259127,0.00474278206922322,0.00738352458522864
-0.00753507749701826,0.00481538559288536,0.00733480897081412
-0.00774351972851485,0.0048808606422637,0.00729762466613859
-0.00794315449777147,0.00493951333592133,0.00726750099540416
-0.00800996683867228,0.00515603281155432,0.00732658144568726
-0.00786345929809444,0.00531990834651722,0.00739773936375901
-0.00771955528659978,0.00548651890300316,0.00748355601934151
-0.00757439888559898,0.00565656208451564,0.00756276190019797
-0.00744204244942834,0.0058456353633242,0.00764290812332695
-0.00732402602583413,0.00602494944864617,0.00772211213135644
-0.00720285569635656,0.00619911297920409,0.00780780724401761
-0.00707230879067125,0.00636971514198263,0.00789751952994777
-0.00692231264322645,0.00654953077176795,0.00797020381305171
-0.00675727638119437,0.00670946005780058,0.00803960346128356
-0.00659776084428476,0.006865138670005,0.00810561282738447
-0.00645110570496443,0.00702939731960884,0.00817797258560239
-0.00630541149892787,0.00719471308135907,0.00825098017771757
-0.00614569516224841,0.00734733134429449,0.0083333896201357
-0.00596846564493241,0.00751975350263677,0.00839719019365708
-0.0058006671458485,0.00768265144778,0.00847321222210521
-0.00564563732963947,0.00785134141290019,0.00852831105188311
-0.0054794477988814,0.00801553139046674,0.00859867366827273
-0.00530570175953638,0.00818368517883254,0.0086596786580876
-0.00513279853708075,0.00837252092544904,0.00871028432690607
-0.00417145239263614,0.0087419604658194,0.0091484631984234
-0.00337131621857565,0.00899055429237438,0.00958651950278111
-0.00260463348932201,0.00929270017903861,0.010012718099143
-0.00191247568890484,0.00963691229849794,0.0103887463126614
-0.00117325320867796,0.00999648526492188,0.0107313451077901
-0.000463553925556857,0.0103772713734916,0.0110789931872992
0.000277334248073183,0.0106940674358318,0.0113825805312272
0.00107886385240969,0.0109861563820485,0.0116358625451782
0.00190538243269888,0.0112414055897819,0.0118367576206243
0.00268793562209134,0.0115006641145542,0.0120672801980326
0.00343327922963955,0.0118251464583046,0.0122957822294479
0.00426088960034931,0.0121870411675826,0.0124235747136746
0.00510881161049053,0.0124623239608864,0.0124492710503542
0.00598375759759807,0.0127581300051294,0.0124898047249082
0.00686655345896384,0.0130124972552355,0.0125658224857736
0.00772869878047446,0.0132410926442879,0.0126322776256165
0.00853835733829039,0.0134710704153479,0.0127545944082198
0.00933375229898561,0.0136966496281967,0.012821000109024
0.0100651746328065,0.0140156662177692,0.0128003512054841
0.010809490987682,0.0142979202760799,0.0127818948390529
0.0118336439416445,0.0141573102721602,0.0125851197171256
0.0119597899217319,0.0138198452066142,0.0124354456262063
0.0120157139315034,0.0134565989517754,0.0122818937521082
0.0120320690692501,0.0130125198236445,0.0121548478013305
0.0120789854967302,0.0125472069285943,0.0120836751009129
0.0121053969718646,0.012064537497532,0.012054190482142
0.0121065356209781,0.0115639659791557,0.0120455748995259
0.0121442474606334,0.0110526202087982,0.0120076475384513
0.0121899682040218,0.0105341604092841,0.0119352551296695
0.0122720788469109,0.0100220573887444,0.011879173984042
0.012386660750784,0.00949738224617895,0.0118342598186154
0.012542062421968,0.00902126590409444,0.0117494775641512
0.0127153266703539,0.00853890674700194,0.0117016347722305
0.0128981103712701,0.00807828461104884,0.0116741537925914
0.0130795710223742,0.00761895147590907,0.0116345411344005
0.013270375179907,0.0071950425354177,0.0115693970295563
0.0134684204603456,0.00674948553190989,0.0115162152327534
0.0136521709417592,0.00630061398288836,0.0115161029625189
0.0137994960060223,0.00586321507946129,0.011560927384276
0.013924301292739,0.00539873473036844,0.0115901354023655
0.0133603108683266,0.00506673655920124,0.0116418875746695
0.012747046288323,0.00547092237126089,0.0117725735968123
0.0122408112283033,0.00614619776976682,0.0118921563875273
0.0117651131615718,0.00688584065267037,0.0120587114121385
0.0114622665476083,0.00768318431349876,0.0121786631469851
0.0109775891864764,0.00840228422542821,0.0123007430096768
0.0104611173942776,0.00896046324637961,0.0123448100757743
0.00968899016731613,0.00930978638405251,0.0124019376875179
0.00870035233293961,0.00936523777602268,0.0124389230298726
0.00767526616527164,0.00928081407052076,0.0124560845596887
0.00697595699536815,0.00897353147111319,0.0123597477136804
0.00651459079673472,0.00877425799742153,0.012353749272292
0.0059096912713574,0.00839530938820853,0.0123007085462696
0.00525385841746057,0.00780892338636803,0.0121981725223326
0.00494148584891781,0.00702522043700823,0.0120040131529572
0.00502207516621332,0.00616525588948101,0.0118962860343397
0.00535598075786552,0.00534787543661509,0.0118004331338299
0.00584806657607537,0.00455359450288315,0.0117711517385292
0.00635747146176679,0.00384464999290882,0.0117821844161865
0.00680739893917365,0.0031276315748168,0.0117620492863537
0.00657563686246423,0.00249230110942254,0.0117195959614105
0.00612425676891765,0.00276552122608974,0.0117530718982364
0.00567053136726017,0.00303511705945834,0.0117264508657437
0.00514655417468328,0.00328301131427459,0.0116612862382367
0.00469370143685369,0.00344193805082143,0.0116028343384651
0.00425315470417079,0.00367758924534398,0.0115099489816345
0.00378645593262349,0.00394847980444278,0.0113802633654979
0.00323815443300873,0.004212588401228,0.01125070536126
0.00261654994079674,0.00450196926693723,0.0110862042790529
0.00201076353163917,0.0047220439566228,0.0109164710326397
0.00141728622485237,0.00486356647508798,0.0108067988805152
0.00083151153549754,0.00496646133024032,0.0106412988059201
0.000122151290448267,0.00501712335015998,0.0104801303975524
-0.000578087066479762,0.00497288357704589,0.0103067004253261
-0.00128961676806282,0.00489287724704244,0.0100994114435784
-0.00195393928454291,0.00478782253706224,0.00984009463429995
-0.00258609374621384,0.00461488860260171,0.0095471041074464
-0.00314041257780551,0.00434950723580304,0.00922765519693696
-0.00362959491610086,0.00404593774447403,0.00892190823849191
-0.00398493087742113,0.00374801455415926,0.00863083319518447
0.0152549227369638,0.00446308893767215,0.0109956710767319
0.0153608546539334,0.00401683618741756,0.0110487811246185
0.0154445022438861,0.00358715191504197,0.0110700332004802
0.0155205718077813,0.00317560616632172,0.011048197332002
0.0155487916433498,0.002848652921382,0.0110276805540654
0.015538429330302,0.00263354215012114,0.0110090022170967
0.0154957411731705,0.00231185090686118,0.0109494455465695
0.0155019215732186,0.00196588702201946,0.0108273278510888
0.0156041567467969,0.00157816370569649,0.0107678210897803
0.015746890288227,0.00129029894549313,0.0107530583023838
0.0158467410928976,0.00103095532764799,0.0107273664651622
0.0159269642541423,0.000728234838443306,0.0106868600331076
0.0158985819803098,0.000440405046131493,0.0106838455492361
0.0158521198556176,0.00018665379436267,0.0107032849885803
0.0157610448212298,-6.83871338796473e-05,0.0107012410788214
0.0156157954616718,-0.000389449017717879,0.0106901190043288
0.0153575543375738,-0.000709713695321885,0.0106423185378626
0.0149186344832549,-0.00100110775754728,0.0107344399319093
0.0143822514179563,-0.00126867652444679,0.0108557861037297
0.0138833562025928,-0.00148949532673168,0.0109276344309603
0.0136505940123378,-0.00187563686160685,0.0110004610435097
0.0138957422733832,-0.00215989140794589,0.0109454147787322
0.0140919128096333,-0.00247109207110977,0.0109052856573547
0.0142318593478206,-0.0027396415363493,0.0108666180953998
0.014282978103762,-0.00293851576890177,0.010830780774048
0.0144350584606793,-0.00315172028679236,0.0107511340266488
0.0145644315062924,-0.00329248224633901,0.0106552736440883
0.0146802855455674,-0.0034516122982067,0.0105329725766908
0.0148025668560362,-0.00360309927952087,0.010389400337181
0.0148786614359895,-0.00378949845112271,0.010293093759289
0.0150470182957736,-0.00395592689740688,0.0101236492322312
0.0152017134354579,-0.00403178278678668,0.0098905259147239
0.0154321826711969,-0.00416654176117454,0.00960846867749461
0.0156589379260925,-0.00423094787549857,0.00932198897272464
0.0159103789618568,-0.00428691561978271,0.0090698443211051
0.0161375767747544,-0.00436333133479642,0.00890068845822431
0.0163483925237515,-0.00448671312865023,0.00868150752883015
0.0165065789061078,-0.00458877306755959,0.00841345988182977
0.0166173826337724,-0.00469886099703234,0.00812453659162204
0.0166700990817619,-0.0048128986794092,0.0077766326736217
0.0173351031241035,-0.00451024258287343,0.00728609586015585
0.0180278132315266,-0.00419782503820012,0.00716028546380944
0.0185608071990045,-0.00370348733407186,0.00703701727305556
0.018956980218289,-0.00318052957706313,0.00699338951760775
0.0193252493003515,-0.00255662550122537,0.00711525689890217
0.0196494005516791,-0.00189189229002907,0.00732752620670569
0.0199485507230776,-0.00122581907961443,0.00767207760332188
0.020209732462151,-0.000747991666271968,0.00799151700622196
0.0204739974662507,-0.000284605435402607,0.00841421345330123
0.0205869397155185,0.000405415134688476,0.00924179187781671
0.020462620152891,0.00114213403917187,0.0098009289739783
0.0203100698624824,0.0017044329791997,0.0100138318708938
0.0198086607150483,0.00198163187956543,0.0101439127795617
0.0196026518541634,0.00213447866820197,0.0101585818379764
0.0190108653340695,0.00258315413207014,0.0103610832596392
0.0184789814335912,0.00310809140893551,0.0105110387442536
0.0179460794970171,0.0035081294629577,0.0106432172101832
0.0174492116139361,0.0037365085796425,0.0107292229785895
0.0165916376745129,0.00426405247637466,0.010780573964725
0.0157695033215452,0.00476034473226607,0.0108282661825645
0.011578622712314,0.0156965919081308,0.0114533706757419
0.0117551905462768,0.0157242323571949,0.011350061076872
0.0118976042385518,0.0157604296131377,0.0112155936584143
0.0120017884541079,0.0157927982352318,0.0110604089057033
0.0120651742800197,0.0158364196933305,0.010910791923509
0.012109576769607,0.0158817385799004,0.0107489053306119
0.0121437479894604,0.0159283789340651,0.010561295083697
0.0121610864113026,0.015965056025379,0.0103594061627617
0.0121660820968778,0.0159852228621699,0.0101576561173957
0.0121657883246864,0.0160075327520408,0.00995668045906086
0.0121694820950647,0.0160329055587621,0.00975993380052334
0.0121782846773923,0.0160525544975369,0.00955961929324797
0.0121970364920196,0.0160794077609509,0.00936808799478074
0.0122275771889355,0.0161122843659559,0.00918973332344217
0.0122548383524133,0.0161360891065775,0.00901487097362083
0.0122614821930711,0.016199469061158,0.00869382163147072
0.0122453952317135,0.0162308784532717,0.00853753121232603
0.0122172567675677,0.0162681760924008,0.00837128106815365
0.0121684049069164,0.0162980407135242,0.00821033850602481
0.012111768867872,0.0163346489007602,0.00805541816367305
0.012059198680836,0.0163760963013631,0.00790056494265627
0.0120124576040321,0.0164185154701884,0.0077304476423163
0.0119753070755234,0.0164460569956212,0.00756166857433397
0.0119388909681879,0.0164635046025427,0.00738900179864437
0.0118939644590545,0.0164801512706035,0.00721878302053797
0.0118077490693578,0.0164967170286105,0.0070497698981131
0.011690730549267,0.0165183798254384,0.00690011285060677
0.0115721529506377,0.0165208419474741,0.00675088644737717
0.011443510037846,0.0165174408053449,0.00660639878514944
0.0113026615964827,0.0165055598704176,0.00647020171523069
0.011154713249125,0.0164781846977229,0.00634622447121964
0.010999414424375,0.0164611455126474,0.00622005532914655
0.0108302883932407,0.0164499019034424,0.00613147348062016
0.0106608859864623,0.0164420624651434,0.00605599373798354
0.0104830677632527,0.0164281180301388,0.00600420796206447
0.0100145298192339,0.0162954130473848,0.00609615859582851
0.00978281197779222,0.0161815258750077,0.0062806882028154
0.00964339411127325,0.0160517149018223,0.00655671674030052
0.00958880461981786,0.0159299415805418,0.00686703903171217
0.0095599723221026,0.0158403768548736,0.00719684617433159
0.00951089365620673,0.0158101009912371,0.00755591054720438
0.00950419806280289,0.0158021186419584,0.00788247325906354
0.00956243317097569,0.0158114601723527,0.00819539934722749
0.00964371466820984,0.0158356755114252,0.00847158689142999
0.00972693495042863,0.0158641883221237,0.00874390089574668
0.00980041437094683,0.0159095967742611,0.00902984801920039
0.00987444648603338,0.0159107972619955,0.00929689486842407
0.00998521828365465,0.0159000252876224,0.00959688952573302
0.0100962346185289,0.0158655141796913,0.00991593093430681
0.0101956021533738,0.015825270508556,0.0102443341523891
0.0103028636854874,0.0157737226641954,0.0105661918872747
0.0104438295573472,0.0157691751929807,0.0108421582299165
0.0106113192444246,0.0157801035839782,0.0111002156422388
0.0108141055590737,0.0157629854005037,0.0113185655241971
0.0110585947587717,0.015726837160085,0.011462280688487
0.000886020492844966,-0.00701160890817634,0.00898405869242553
0.000175594627484596,-0.00702249961513422,0.0090369638826634
-0.000535459339282074,-0.00689990674695529,0.00904784576597441
-0.00137170580834504,-0.00670148590546703,0.00901772061471961
-0.00218018549344438,-0.00647637032223622,0.00892732338533623
-0.00282796568796751,-0.00607531339653728,0.00885029890274451
-0.0033563309481296,-0.00553508778374512,0.00878154295876984
-0.00385263207569948,-0.00491463335923141,0.00870479262499022
-0.00417864314485869,-0.00420541710064897,0.00860413634629952
-0.00444094158495039,-0.00344105213135726,0.00841908649885631
-0.00462476756392501,-0.00262200468417857,0.00818730902971403
-0.00473832081373856,-0.00172286377892731,0.00807966733546984
-0.00479065248018574,-0.000844749432961669,0.00799505338705069
-0.00473669972359973,1.74288979057117e-05,0.00798660647505723
-0.00462163504431738,0.000887223294039001,0.0080268490228399
-0.00458780939994426,0.00167333063089487,0.00806866021787305
-0.00459239422896223,0.00229991750363417,0.00815279239144696
-0.00480376044396798,0.00279832497933417,0.00816128247371
-0.00515578856973596,0.00299187751222629,0.00804045028292342
-0.00575827559298262,0.00312084917707083,0.00778354446908702
-0.00652245170679997,0.0026627507425993,0.00741089157774224
-0.00660469734413858,0.00213172549703954,0.00740081985545856
-0.00669732391026641,0.00159572978585236,0.00741362199353986
-0.00676368881690169,0.00108020543073795,0.0074344905825199
-0.00684412067632912,0.000568005760410022,0.00742014394755389
-0.00695898337165844,7.39501926993267e-05,0.0073672852047092
-0.00702890150544122,-0.000407272232544967,0.00732491939585998
-0.00714165491012975,-0.000885282659205137,0.0072625145410663
-0.00724804860306315,-0.00134481408391074,0.00721161879976509
-0.00736781839341206,-0.00176562143206441,0.00712501630582673
-0.00757252557352439,-0.00210420075848128,0.00700728750305679
-0.00783530405869369,-0.00249238229179071,0.00686048021605654
-0.00809295982662064,-0.00288539427487242,0.00678771991190875
-0.00833520713649062,-0.00328956907946093,0.00674602350273203
-0.00857088805771012,-0.00370457670318859,0.00667623047374674
-0.00882786185696898,-0.00403794110159314,0.00663938231971239
-0.00909587061283316,-0.00431592730557874,0.0066085874474348
-0.00935159270824337,-0.00456625879613432,0.00655910087233654
-0.00965106541687143,-0.00482034052520609,0.00644478267089001
-0.00990146632025466,-0.00514791291976451,0.00631407360215002
-0.0098000580946903,-0.00603548452644066,0.00616779073030518
-0.00943412369108,-0.00643025058022478,0.00607373773858958
-0.00908337852295855,-0.00681277336377449,0.00591417824775979
-0.00872173924625212,-0.00713727903366815,0.0057014009632999
-0.00838045148931436,-0.00748884999560996,0.00552404166351519
-0.0080312927116509,-0.00778396324747832,0.00533052035000031
-0.00770383084655441,-0.00803842384192241,0.00515155640554139
-0.0072836481764252,-0.00826949716130609,0.00499784586414763
-0.00684468176759205,-0.00849980378883482,0.00487592219391202
-0.00637762005887455,-0.00872566943486185,0.00473341173521341
-0.0058890959125,-0.00894588866750559,0.00455807848968999
-0.0053343013331254,-0.00906347641162373,0.00448201042339507
-0.00483135729451791,-0.00916156641146101,0.00449478739516767
-0.00439141282207965,-0.00926643656378274,0.00449434952049223
-0.00398922439398768,-0.00936118201738024,0.00448328360509151
-0.00359357251547707,-0.00938331323134272,0.00448237264991927
-0.00321522772516638,-0.00937582168769681,0.00451408002278495
-0.0028236630491621,-0.00934999786204412,0.00458491674531994
-0.00244652942002812,-0.00934435048569302,0.00468444619527705
-0.00199445931316754,-0.00932270759198982,0.00479012278749454
-0.00113698524234709,-0.00928600921767303,0.00521531529808221
-0.000733187730206444,-0.00933605434829146,0.00540281540378499
-0.000434323967106522,-0.00936178696620218,0.00560096085007595
-0.000181314753377014,-0.00928004905420135,0.00583004707330568
8.0081836016906e-05,-0.00920839346144466,0.0060591088044737
0.000397262664124257,-0.00917233883880148,0.00622472775960451
0.000689076001437925,-0.00918814002494485,0.00631532892705457
0.0010633295835108,-0.00920926328374524,0.00639365104360396
0.00144930704107314,-0.00921759250744628,0.0065563156639459
0.00169018746679798,-0.00919329802087064,0.00679832471664171
0.00183121684777857,-0.00911291997503095,0.00706623129521587
0.00200034962308212,-0.00898951906508198,0.00725337128511065
0.00216864882719604,-0.00883759628398425,0.00741155760470808
0.00228419475999824,-0.00858597905715963,0.00765359553924457
0.00237399158802749,-0.00839180855272999,0.00801739573103136
0.00238954927046491,-0.00821463376090415,0.00837486533261967
0.00232199814888336,-0.00794103565385221,0.00863050299650856
0.00210037931268034,-0.00767467996871148,0.0087794955520559
0.00189273641664606,-0.00742989757589316,0.00888282654352408
0.00165091057315447,-0.00717914698139961,0.00894881161210972
-0.0291717282433125,0.00656935775987874,0.00438084150958146
-0.0302627470123814,0.00666389461137877,0.00407377778124474
-0.0319873625449941,0.00675806024705507,0.0033966447001993
-0.0332556235287735,0.00670619915969604,0.00291283842211796
-0.0346090274293011,0.0066252596346012,0.00210724041963888
-0.0354512528198502,0.00654463356548462,0.0012318119037825
-0.0359097992551877,0.00631547202533196,0.00033465082117533
-0.0281635697496544,0.00486122065897276,0.00427075211217119
-0.0293542983481558,0.00515398475559292,0.00403283284953447
-0.0311766531562343,0.00538398299622166,0.00348404418592309
-0.0324144785988988,0.00529687634824798,0.00295196874563278
-0.0338274030134424,0.00516798664810876,0.0021786248481871
-0.0348030109511494,0.0051355137317764,0.00114105842950105
-0.0353635459860503,0.00500504798219407,0.000608489589938006
-0.0271466597117835,0.0039444944242233,0.00418852421852561
-0.0283377262014062,0.00407485196662767,0.00383709710706999
-0.0302248846182433,0.00446455980630607,0.00338275048191213
-0.0314185278825564,0.00433853289333232,0.00289347362755079
-0.0330031369249815,0.00422135332899767,0.00200325100001001
-0.0340246282083628,0.00424719577368101,0.00118169780045999
-0.0348362811585985,0.00419135251407002,0.000614314910520548
-0.0258277417147588,0.00204621043781322,0.00415350751009022
-0.0272333936962284,0.00239952737966076,0.0037980105448915
-0.0288470233325833,0.00281809094717457,0.00326979999711025
-0.0303102922983462,0.00303180522756374,0.00265889790006865
-0.0315939009586993,0.00301268310581821,0.00182145509952149
-0.0332502796727657,0.00308349864725887,0.00118756659150737
-0.0342061715306892,0.00302178140706163,0.000452122792861948
-0.0239895980074272,0.000105587562499164,0.00433449102917539
-0.0258962315524332,0.000914371984438299,0.00385278143272726
-0.0278316211424232,0.00174187519667337,0.00324833075233322
-0.029459942222737,0.00205791274250727,0.00277114877740727
-0.0308048663368919,0.00206271444837603,0.00209414246076171
-0.0323432388026595,0.0018483581049142,0.00135196720412169
-0.0335462490123235,0.00201003926365466,0.000402006484028012
-0.0270044972686824,0.000861203113687546,0.00332609582382258
-0.0249600056942392,0.00013671037858225,0.00392225912083802
-0.0284696446757019,0.00122813764948705,0.00280501954438172
-0.030223878469239,0.00141477438184017,0.00216211140784478
-0.0316920082613814,0.00132953461327331,0.00148751771110506
-0.0325686041476508,0.00128120951107553,0.000672262099051122
-0.0309775981785642,0.000406708007536134,0.00137787669707538
-0.0317857940241834,0.000197820257368084,0.000653921064306811
-0.030984981955182,0.000180221060910116,0.00127484745981954
-0.0315073518211253,-0.000309333166526294,0.000574766781321956
-0.0307245688270182,-0.000448445471801729,0.00121356221238703
-0.0310430584898068,-0.000873927490089063,0.000594049841086364
-0.0304303389962686,-0.00106613988734087,0.00110059843105892
-0.0306902292417768,-0.00168433086523564,0.000383148074376804
-0.0296536490166676,-0.00174558019279133,0.00125305365818133
-0.0298585371353901,-0.00223115884515377,0.000745904084976853
-0.0290609089127303,-0.00250258411089914,0.00121448401167458
-0.0292556012083155,-0.0029670845073839,0.000595771419916935
-0.0285488491170112,-0.00328284796541114,0.000934108315898693
-0.0285480621938329,-0.00354695975337794,0.000380056702922317
-0.0277073522996061,-0.00367307249319898,0.00103310641557803
-0.0274072300558352,-0.00411333408463217,0.000423526621476303
-0.027185624891887,-0.00406470422047211,0.000784244234120373
-0.0264937035734244,-0.00428564318946125,0.000542555115003671
-0.00723632359485332,0.00863038746322156,0.00763639317071438
-0.0110244531263747,0.00866095503526182,0.00699033366646082
-0.0145980078131806,0.0088456352378008,0.00646475234585633
-0.0172698396259693,0.00871294683102723,0.00605250323148261
-0.0206030178766251,0.00845531882759613,0.00554231427079989
-0.023721073269954,0.00778136830918366,0.00516169496930544
-0.0256365943230705,0.00727077827728268,0.00487844203215284
-0.027009155286008,0.00683158198867173,0.00470282560098571
-0.027693605447126,0.00669023434320634,0.00452339877029151
-0.0105135833936703,0.00782457044409044,0.00710758130180296
-0.0141248479876822,0.00788060602376829,0.00651484413782012
-0.0170808309604426,0.0079079804160385,0.00618380374375574
-0.0204695176202572,0.00755517249582887,0.00566680892101203
-0.023521892983623,0.00674314766055032,0.0052921798730561
-0.0251996366428249,0.0063619871341438,0.00496256506762943
-0.0266536674867115,0.00585387915814935,0.00469474119415485
-0.0273499652192824,0.00562713623319747,0.00461363707114738
-0.0100604072987435,0.00706967462710816,0.00728648514979497
-0.0137011212902271,0.00717725059849675,0.0065985309074735
-0.0165238603091133,0.00691976045658338,0.00626321095242983
-0.0202192123168025,0.00659280012071401,0.00572098303322654
-0.0228888314291863,0.00591365367159232,0.00531920939754927
-0.0246055326782024,0.00543319797173541,0.00500813826886374
-0.0258946770859335,0.00478763370502297,0.00470683504290095
-0.0263849974436989,0.00456036265803007,0.00462653579308602
-0.0159139265155671,0.00575035028919229,0.00637965927171465
-0.0194042037167508,0.00549103398774408,0.00567289930506909
-0.0221863959588592,0.00498054558736989,0.00532427568581055
-0.0238934188969958,0.00464972581000899,0.00501726791039958
-0.0251646991841531,0.00396227867815697,0.00466443973510543
-0.0257437277001617,0.00376110800780803,0.00452836173934687
-0.0188685544421851,0.00491525607903061,0.00567615056775298
-0.0215150698015203,0.00413136108871057,0.00522763157594453
-0.023009420956414,0.00367008093373502,0.00492127367004001
-0.0241601857841872,0.00299292728496212,0.00449362308841352
-0.0247190086981419,0.00289229174933401,0.00437480603764048
-0.0178523912075869,0.00384527372800466,0.0057321357788968
-0.0201037855527106,0.00291829198799471,0.00526127079799853
-0.021382498517925,0.00233429797989995,0.00497180273275591
-0.0228287441145543,0.00183508541814653,0.00453176742865878
-0.0233356743074403,0.00150358839349169,0.0042390659209598
-0.0167953666243618,0.00281442416443511,0.00573215329968364
-0.0186676682746462,0.00182234217315179,0.00526032779511074
-0.0198060450192495,0.0013098373277845,0.00498738508157776
-0.0208113062296953,0.000716914159383265,0.00471081386782493
-0.0171721827520217,0.000816215788798302,0.00535842870417731
-0.018434353205938,0.000259952206943182,0.00510224635907323
-0.0195270421567318,-5.57502782387467e-05,0.00476421151833338
-0.0213247850706659,0.000457799474289119,0.00450669284065591
-0.0162241290615262,0.000129313766501039,0.00540720913286571
-0.0170927544341931,-0.000626935844179353,0.00513720412571662
-0.0176613159939056,-0.0011678473359097,0.00487823640755588
-0.0195426137027313,-0.000410857366184812,0.00465596640289087
-0.0151033866207413,-0.000536368390658791,0.00549749800280922
-0.0159471230724278,-0.00137307170865674,0.00516386451358629
-0.0164319918240509,-0.00196937946336133,0.00496123263032569
-0.0189449992256454,0.00342085413060531,0.00551778449479782
-0.016223721916863,0.00108503480012827,0.00555782049983787
-0.021646163134216,0.0073710954146771,0.00542270465468067
-0.0201075049256968,0.00464491160847289,0.00544495513662132
-0.0185326765211828,-0.000645243815718962,0.00482362601812913
-0.0166364640826197,0.00432858834208542,0.00604440094404992
-0.0131356211086643,-0.00312406804722744,0.00540104328191906
-0.0145046774002366,-0.00226884003581451,0.00528666561390125
-0.0212143252644893,0.00649102112835911,0.00562577077697014
-0.0176845402390476,0.00574670161525809,0.00602853292696124
-0.0183244966736694,0.00685003770632098,0.00604738315416913
-0.0148147643475879,-0.0027413757328984,0.00511573196460416
-0.0187363631236936,0.00763685507385265,0.00596660161481102
-0.0187492321155249,0.00866502656820418,0.0058254828391048
-0.012812551760485,0.00607755156490851,0.00685838010966261
-0.00712863352363635,0.00803119208343488,0.00774007528957951
-0.0217602535336435,0.00813311443029137,0.00541008726949615
-0.0128575191323476,0.00882473696961336,0.00670943239613032
-0.0122150567190897,0.00784832487495836,0.0068043260903896
-0.011496416307977,0.00687077532900492,0.00703179598515024
-0.0176888906848386,0.00233215596204035,0.00553434179698833
-0.025731290391195,-0.0047813179810157,0.0015663304783786
-0.0248815826835353,-0.00489128118280459,0.00192474349678599
-0.023089441095543,-0.005089648512525,0.00256940818277148
-0.0215622460186777,-0.00476458025536408,0.00346745948229123
-0.0209164824313325,-0.00402277762336528,0.00417183949925551
-0.0208597567503203,-0.00314888363937798,0.00457225206179487
-0.025195305988254,-0.00498646721591749,0.00148675455088178
-0.0239317910809837,-0.00514075066474131,0.00203701094940366
-0.022344170896807,-0.00514315982989984,0.00268559820321831
-0.020784308722231,-0.00482931852925459,0.0035524108060796
-0.0196780665598848,-0.00421115911369933,0.0044189212556795
-0.0187349833805078,-0.00378766247090773,0.00484034587584375
-0.0248274219211097,-0.005193165508004,0.00116583531459779
-0.0229837873278929,-0.00542527293048943,0.00206506376417401
-0.0213503218889459,-0.0054046801500617,0.00282903354133937
-0.019876785712101,-0.00500035027400627,0.00358168624474881
-0.0182519529586647,-0.00474473871620315,0.00434343398133536
-0.0169134701653708,-0.00448658762642899,0.00484729014400408
-0.0239320654113396,-0.00556570278513831,0.000731860466456527
-0.0218517813765631,-0.00593480073028001,0.00191636400472814
-0.0200285458937951,-0.00591584771979851,0.00279551344548672
-0.0180720561189486,-0.00569671897815462,0.00379658941592132
-0.0161462060601002,-0.00523711090434965,0.00464310511038166
-0.0144631386615229,-0.00490296271958313,0.0052674246876133
-0.0220229719576538,-0.00637134334809816,0.000706780668822535
-0.019852036157473,-0.00650684849039285,0.00163325571178788
-0.0178502408584316,-0.00678647647720759,0.00288421452126803
-0.0158762727744096,-0.0065701161563424,0.00403919883739101
-0.0138980788520201,-0.00619637402709583,0.00488638222652547
-0.0119003175086061,-0.00581041368671186,0.0056222598554509
-0.0184127329315409,-0.00728228828801789,0.000772160904964436
-0.0170937620689936,-0.00764471795821004,0.00153491081363511
-0.0143718191506765,-0.00796482865230212,0.00269661256217944
-0.0132347857375867,-0.00761516321621818,0.00390355965369907
-0.0109714875843379,-0.00743536618850571,0.00477329462189621
-0.00951792483296671,-0.00723771883407843,0.00528292288097691
-0.0137123470025397,-0.00835026939255525,0.000768849738377226
-0.0124083305901317,-0.00860512926041248,0.00159323127219162
-0.0116645904778877,-0.00867357053540067,0.00244240251952165
-0.0107441959790178,-0.00857669520414038,0.00351866784226942
-0.00879441573702718,-0.00841370304560589,0.00437023686037949
-0.00748019586257523,-0.00811132722817355,0.00495690204925308
-0.00850550912237673,-0.00925000004226991,0.000775226175217476
-0.00734053540402184,-0.00958153693195647,0.00183452039520767
-0.00697935793745823,-0.00952575506743854,0.0026612330403752
-0.00620484836818499,-0.00948467118243297,0.00326159675321612
-0.00607180984351845,-0.00924752668697121,0.00380435727161546
-0.00561874898036559,-0.00893870964965581,0.00427823320007669
-0.00322470856518955,-0.0101448131717756,0.00099363085170676
-0.00279993795569756,-0.0101325521214058,0.00179460078618444
-0.00222643393942213,-0.0100210591435683,0.00251267351890611
-0.00192289250356896,-0.00990432055422728,0.0030491806836007
-0.00121242981078259,-0.0098658479159408,0.00376811395379452
-0.000175969348006963,-0.00987298066145713,0.00464849607270989
0.000539418583260051,-0.00978884523246945,0.00557083836781639
0.0010564043660903,-0.00969916716669517,0.00633257414161498
-0.00130325747194845,-0.0105977909519726,0.00104150640938809
-0.000509794988219218,-0.0105698786336475,0.00174538013860903
0.000369995864888566,-0.0104947625609072,0.00246139224974057
0.000623168534340314,-0.0103076102214375,0.00322402252315819
0.00139246827825448,-0.0101408421311523,0.00429898307027588
0.00189169423503582,-0.00998379299715829,0.00527511582300572
0.00224738092545085,-0.00971223936950895,0.00638167888698087
0.0028393964608685,-0.00913303624566787,0.00740176301967907
0.00151820341615812,-0.011087558146642,0.00111372049603909
0.00198410847406086,-0.0109095335047378,0.00207401151426665
0.00207499608287179,-0.0107930324149305,0.00255565745964088
0.00259991747690823,-0.010598753169055,0.00342650793328944
0.00296220166087674,-0.010215487846382,0.00470568185263962
0.00331645668579605,-0.00991814982222646,0.00590133652127083
0.00351089688504689,-0.0094578288364409,0.00701069408048611
0.00410571499979498,-0.00903426627548175,0.0079266980342149
0.00384181689006162,-0.0112743435405381,0.00125938426014204
0.00406563403839333,-0.0111508365673135,0.00202348894690566
0.00429511643014212,-0.0109523312444789,0.00267497692590454
0.00437445643840768,-0.0107412056020736,0.00340888508560217
0.00471870470508375,-0.0102151567370911,0.0051049175861757
0.00491767924651146,-0.00965819453939389,0.0064783166298776
0.00510598522683521,-0.0092995495196461,0.00745506525057838
0.00538096786230179,-0.0088057441927672,0.00830281071156549
0.00564010004276247,-0.0111864235015514,0.00107125682157847
0.00630086763421586,-0.0110066925619213,0.00195309287110991
0.00631088687581482,-0.0109003053425324,0.00261833862978647
0.00662762159924573,-0.0104617165641328,0.0040205276887612
0.00668598508099558,-0.00991084943191099,0.00533846031069718
0.00661150023890464,-0.00933133942802787,0.00685873178048292
0.00661700917018252,-0.00907202922460788,0.0074519350514705
0.00657776702818496,-0.00862013423704465,0.00829891798715451
0.00782854301305503,-0.0108044542657539,0.00124769269634125
0.00798132068047052,-0.0107241858952407,0.00177838526354533
0.00799049960657269,-0.010592708782761,0.00260708795022705
0.00824885061415197,-0.0101211935076596,0.00394245494389998
0.00829053002268387,-0.00943150039419234,0.00541380742891392
0.00820690367661087,-0.00873689341983394,0.00675069529161381
0.00821139996149188,-0.00828920617227467,0.00757446531118387
0.00786709634829278,-0.0079410139115652,0.00833534600429396
0.0119027126299894,-0.00985296109959293,0.00100508977787497
0.0117321222086524,-0.00967589324296092,0.0018106811080229
0.0116618508556445,-0.0094724180677239,0.0025031852356379
0.0114138844233795,-0.00911638233763111,0.00402190017860617
0.0112485795008513,-0.00853759227096571,0.00504930564708448
0.0111997411765394,-0.00822728567194439,0.00544949455784173
0.0109174220724695,-0.00777684597883919,0.006044336037784
0.0104766803509583,-0.00725294200408347,0.00658110732631355
0.0135536095225425,-0.00969093118269937,0.000812413880562641
0.0136806983510759,-0.00938014155106452,0.00166197053667712
0.0137674291473746,-0.0090410575507396,0.00254848561445558
0.0134568037712674,-0.00860216285348324,0.00378439973290836
0.0130614235978989,-0.00826486067151571,0.00447012447847292
0.0124048886364456,-0.00772066513191001,0.00530955954381499
0.0121206869032573,-0.00740807522942817,0.00568386789100186
0.0116494544613252,-0.00716436636581492,0.00580185271473417
0.0149830871155571,-0.00939820962618873,0.000807382271104658
0.0151098346094402,-0.00915604018166155,0.00166343477051145
0.0152271903224107,-0.00884503355808059,0.00253587442928851
0.0150478540840107,-0.00830026376095436,0.00391238228980785
0.0145982186947374,-0.00788385506427668,0.0045094365460516
0.0141807731933567,-0.00738666189145285,0.00517036174399164
0.0138083714968995,-0.00706860582553903,0.00526379511877905
0.0136161420969339,-0.00680541355734559,0.00541344933813807
0.0158354546827036,-0.00926283572511319,0.000566328926425292
0.0158189572216686,-0.00908322539024787,0.00104753687837428
0.0158712368709232,-0.00895179012636142,0.00161723679904068
0.0161105531410708,-0.00882393991078658,0.0023568712776029
0.0160022276801016,-0.00809460267378329,0.00426470442952714
0.0155876361679902,-0.00762312173506155,0.0047542096757609
0.0150269451125826,-0.0070746966315213,0.0052015559132081
0.0146770252486348,-0.00645621009332356,0.00556885446702471
0.0173620153184843,-0.00868162313127095,0.000619469786266966
0.0174201402881283,-0.00822759230991168,0.00212006002118481
0.0173334440811103,-0.00797255662535017,0.00333039865008044
0.0171370880788951,-0.00732974079864121,0.00451793901986618
0.0168040095163757,-0.00674906644651496,0.00525888438501031
0.0163393582716629,-0.00627471535015306,0.00582959241850767
0.0159659219906297,-0.00597796910780865,0.00603003372691137
0.0156124350731467,-0.00565924304577348,0.00627376899664369
0.018063255628223,-0.00812503245595191,0.000639853021599082
0.0179259668640359,-0.00772651883754206,0.00194192060679152
0.0177370381289425,-0.00730884870035361,0.00321617171645443
0.0177790112185121,-0.00685599170479227,0.0041483739378939
0.0177523293458751,-0.00607000259329804,0.00532685696461205
0.0175532279045839,-0.0056260113910426,0.00596812260539239
0.0174286535825146,-0.00532876441682194,0.00629940370413204
0.0169616908085537,-0.00503911306364917,0.00688249985388234
0.0188305208582998,-0.00712127862730262,0.000761937076662363
0.0186027989665674,-0.00698357006304134,0.00203241459451566
0.0185897905467935,-0.00661322102970918,0.00295460318130482
0.0184948488509254,-0.00615034175688181,0.00391458780399594
0.0186414017828642,-0.00547646021110863,0.00511266647041903
0.0186142467488384,-0.00492372250974526,0.00595831904817403
0.0185748303178407,-0.00449989577103126,0.00654095936437899
0.017999048661069,-0.00444562087077407,0.00705980709196547
0.0167260721341739,-0.00474116068156847,0.00107642642945637
0.016583129118431,-0.0041668180422813,0.00189436393620868
0.0167181800378984,-0.00303842249186562,0.00291223068910956
0.0170456604711352,-0.00217184183216072,0.00392635309380704
0.017582119987296,-0.00129214430197357,0.00548977460884961
0.0179592092788383,-0.000726388806273474,0.00617031313154149
0.0176054582174408,-0.00159133829864382,0.00459980691194161
0.0172237270442252,-0.00202520375999631,0.00356339035079049
0.0169518871473281,-0.00283444042929805,0.00192706939266194
0.0170546852071804,-0.00354460187371387,0.000805522919737496
0.0171880938071047,-0.00259130634432315,0.000688305527451556
0.017116500824357,-0.00183966743088029,0.00186803699419413
0.0173871195481321,-0.00135633614092608,0.00373392205297935
0.0177887941055124,-0.000879789478373224,0.00495721965171694
0.0183726258601223,-0.000128917507759302,0.00698491611795948
0.0187640497411878,0.00075554975851493,0.00795051010304776
0.0181784010402221,0.000453948213088968,0.00572263356995034
0.0175578601487796,-9.08267675241028e-05,0.00396219194024659
0.0172608087559559,-0.000699189319454976,0.00196846344552909
0.0173718865480623,-0.000970501728442861,0.000582579281587475
0.0193109789331644,0.00239654952278677,0.0090186074558121
0.0182452930245135,0.00199523799954255,0.00647086628218743
0.0172850109756614,0.00109125989272818,0.00412938455363643
0.0171660368579378,0.000640410600449359,0.00228271241985336
0.0172894768836945,0.000504514053714638,0.0014392044249237
0.0190346674369189,0.00427195667174999,0.00892725477113071
0.0179164857068153,0.00301788901654705,0.00659600115432639
0.0167187109337632,0.00227519349624349,0.00404473601968698
0.0166273679677827,0.00193638348753863,0.00229955694193228
0.0166688491963569,0.00175476705623453,0.00201631947006984
0.018467721586258,0.00516192227736231,0.00842191286919199
0.0174422276404156,0.00392342498832766,0.00654054366792708
0.0160095744918219,0.00302162442552003,0.00383302814783235
0.0164709056416114,0.00285276554125505,0.00232157022313188
0.0164810714580842,0.00277781030607756,0.001827095658688
0.0164981283440634,0.00431544430961307,0.00200468785690947
0.0163404109350125,0.00430034157336427,0.00213582598726572
0.016064352532964,0.00428923214205371,0.00229931092477032
0.0157312307871419,0.0042327720904309,0.00244844625321801
0.0157987055050951,0.00476853041594948,0.00220605343737577
0.0155481835934636,0.00441309333775005,0.00233897405254365
0.0151451402015192,0.0041349400285934,0.00267716413662685
0.0150072995315306,0.00405453109063101,0.00282127065166548
0.0153462635636721,0.00465597216913816,0.00222587160663634
0.0149303026704594,0.00420235634491568,0.00267740627243274
0.0148561165945214,0.00402432705153516,0.00283427789449468
0.0147168469010051,0.00392261935769207,0.00300511699196728
0.0140075428714105,0.00595176076168968,0.000643118237233987
0.014567017211299,0.00548924059131794,0.00149500530248987
0.0143628389085745,0.00445377599763496,0.00248737576517842
0.0142951520108231,0.00411230008645881,0.00296035661675204
0.0129110709770022,0.00587350662304304,0.000395536526890521
0.0131468597403654,0.00556777239361513,0.00157334800476141
0.0133900086203145,0.00484983584353729,0.00262217829655111
0.0134997978953543,0.00455781524234217,0.00292981509055139
0.0119817056071821,0.00655610491212249,0.000484222681167112
0.0123544032711104,0.0062191662420475,0.00220417951349134
0.012548311515776,0.00584883048966703,0.0026101981612311
0.0129085246843681,0.0051810049436632,0.00286996432961404
0.0111520695009544,0.00710978003669788,0.000283600001638018
0.0111735478925905,0.00729255653618795,0.00106694207708851
0.0113091185679127,0.00714982049814644,0.001919928161955
0.0115306493373969,0.00694016277363636,0.00258471086407571
0.0172416661656192,0.00469817354075953,0.000564189958647502
0.017041433062003,0.00455068919196089,0.00114979658943813
0.0168298978685121,0.00438279993648777,0.00158114956017029
0.0167108179491686,0.00643900289166818,0.00109153659363644
0.0165262470217546,0.00586356536166585,0.00166414323317057
0.0165024044145373,0.00522105880636899,0.00197197878333617
0.0152554870127587,0.00687478818195312,0.00098305686333437
0.0157207217348427,0.00625394583071114,0.00163053671611859
0.0159764585726009,0.00551859085809887,0.00204956899666862
0.0191740139082652,0.00242427344268282,0.0104049987623226
0.0181680998703826,0.00255868165145825,0.0108333098292903
0.0171387636979262,0.00288837057021951,0.0109411301926065
0.0159149947480733,0.00321758274368942,0.0110258136070194
0.0200080109594966,0.000964421008207626,0.00996337673356837
0.0193018702871924,0.000838890925654403,0.0101121922412402
0.0182577615209953,0.000920365260603639,0.0105033917651892
0.0165259044078309,0.00117782205552941,0.0108145414857782
0.0202524015154234,-0.000428141839126372,0.0087358264661477
0.0196111934252697,-0.000495790550447547,0.00935493381153179
0.0186237037663852,-0.000514172563834707,0.00987137270443722
0.0173505477051231,-0.000465379313013534,0.0105961919474152
0.019320339729914,-0.00245782542227235,0.00763187255630227
0.0187337739914983,-0.00272599884577183,0.00873411707976117
0.0177796713555801,-0.00248382457336169,0.00998542701541181
0.0155288435579613,-0.00193409609626658,0.0107561017606014
0.0186356292269351,-0.00349220901475656,0.0073878468830972
0.0176275490943579,-0.00370165859042766,0.00852337529720854
0.0169476957173205,-0.00368855952817311,0.0092723378167815
0.0155470736940794,-0.00372555597692897,0.0100165728928639
0.0131627236280299,-0.00429818831926218,0.0109547234558604
0.0102738887651802,-0.00597390218925497,0.0107171483120425
0.00799344768626664,-0.00700951773710848,0.0102255081974199
0.00578885098856225,-0.00703926043407224,0.0100123068593521
0.0129172948314299,-0.00303524789380377,0.0115345709389218
0.0106551889104153,-0.00453811327157813,0.0113773005400747
0.00813171775758807,-0.00561440929158435,0.011300167203732
0.00604145661620413,-0.0058269204268649,0.0108304929198138
0.0121290674014005,-0.0027774117069688,0.0116516048851313
0.0105142537339224,-0.00360739384435127,0.0116750068027097
0.00804458068700965,-0.00487013178134049,0.0114809602912938
0.00633587495299193,-0.00503238855530676,0.0111813699344133
0.0106604488261337,-0.00191388712731049,0.0117874975925248
0.00945359873455735,-0.00252560683001433,0.0118086648573521
0.00865872800004087,-0.00279453645330822,0.0118223408230322
0.00786183864310278,-0.0031838742661592,0.0118076176837188
0.00947759327027532,-0.000869544905128217,0.0118460260108418
0.00876130134287011,-0.00123068536662606,0.0119263234467617
0.00796146432438581,-0.00148776247934831,0.0119855798612941
0.00720171151210741,-0.00150565364067819,0.0119542838764323
0.00847232600844347,0.000312735554688574,0.0118447195295094
0.00753787089796498,0.000178338322712473,0.0119515098128949
0.00705270700638361,2.66858619332737e-05,0.0119036499727559
0.0065419715462023,-6.97388086449662e-05,0.0117786677812294
0.00726924033708255,0.00186248371397377,0.0119276366764233
0.00643182085934591,0.0016910214445919,0.0118685192159204
0.00617220712272539,0.00151313780649384,0.0118113773518647
0.00570581496777317,0.00148343746141964,0.0116488658601162
0.00627440840559962,0.00272840754529559,0.0118701825071375
0.00561008524165684,0.0027025043829013,0.0118133254948276
0.00528762748311542,0.00262796620440522,0.0117222027229557
0.00500076959041229,0.00255966204926165,0.0115420418356399
-0.0023375659244698,-0.00928847476943828,0.00471549352985192
-0.00441815048888662,-0.00908852253380636,0.00480494548096266
-0.00599027664567065,-0.0086002432025895,0.00522004969655398
-0.00780339570651241,-0.00762395532315157,0.00580722641601884
-0.00896661474216619,-0.00642655636661167,0.00625452314228582
-0.000665288769902627,-0.00941906487194457,0.00595897907254568
-0.00357564786633481,-0.00874394980602207,0.0061708559286276
-0.00548811511850025,-0.00786370250082445,0.00669377152101277
-0.00713723696585747,-0.00668987869119315,0.00686186605915576
-0.00833734739289319,-0.00520662769641304,0.00690383114034515
0.00041478287673301,-0.00878881581168563,0.0078398854558045
-0.00241306549035752,-0.00819604693226518,0.00772031568589184
-0.00488205256102044,-0.00720535173259062,0.00736630913347403
-0.00693287749416365,-0.00515688333061923,0.00740827854135079
-0.00761689666424726,-0.0044311542785698,0.00713120797541238
0.000478846966265864,-0.00767777057594143,0.00887345164166522
-0.0020800190843143,-0.00767578809834911,0.00845300859780772
-0.00420899379617782,-0.00631116207796275,0.00797038542211314
-0.00644057370853141,-0.00471972296312413,0.00768250266438783
-0.00719924097103874,-0.00374530869388617,0.00712082282863476
-0.00360808027993494,-0.00613038714057347,0.00866746649604552
-0.00490641703664419,-0.00540857293015198,0.00832635643939265
-0.00588795776335359,-0.00482415071317614,0.00803509839745188
-0.00676588020538187,-0.00356076644121836,0.00750292996229769
-0.00452944251741137,-0.00498563218470748,0.008594174636716
-0.00552672371997633,-0.00422137146260019,0.00824331931887574
-0.00629575981474203,-0.00351504470165451,0.00789556576153781
-0.00684635956797247,-0.00290532593278697,0.00752715212926417
-0.00510810569747523,-0.00397599229013173,0.00832251017181322
-0.00580566573539114,-0.00332669817651742,0.00799936665753301
-0.00635583505093023,-0.00272941553229259,0.00781186939453199
-0.00677396066937943,-0.00213455441195229,0.00747967945165426
-0.00525278313560547,-0.0029748119249789,0.00823037254909942
-0.00573590853743873,-0.0024418238431816,0.0080475631190737
-0.00618071924571312,-0.00197507655198051,0.00782460665378663
-0.00665126712258243,-0.00144714040492498,0.00752750312859665
-0.00544311909113625,-0.00160967921886243,0.00807270825273133
-0.00575111651176952,-0.00137323033861607,0.00793816800041636
-0.00612406961436594,-0.00108535328432925,0.00776489627543534
-0.00660564170366101,-0.000652311140576427,0.0075665447275315
-0.00535888066280701,-0.000258914822297811,0.00799152539489252
-0.00576428241184041,-5.50729300729958e-05,0.00789085012885032
-0.00605574681257409,0.000134493103488163,0.00778955482104033
-0.00640551907361347,0.000280112305249814,0.00763975383599435
-0.0051983778142538,0.000622411013060034,0.00802359323876269
-0.00556698974779486,0.000736628325479751,0.00794791277825597
-0.0059214066721324,0.00086013997151462,0.00780805011156184
-0.00628430831578107,0.000993226508049398,0.00765859609655714
-0.00505884607227567,0.0013310373943868,0.00806412167611955
-0.00548034320389718,0.00144059210257789,0.0079462492286668
-0.00581222934745088,0.00146068549840444,0.00782197669557466
-0.00618671806504958,0.00152403322432644,0.00768756336663857
-0.00487721940186665,0.00212347283178782,0.00810340852204152
-0.00534590913750744,0.00212325606315974,0.00796857472315012
-0.00578497479648596,0.00207226316696733,0.00783545856372687
-0.0062472253297283,0.00211855114849559,0.00762876955192035
-0.00617218990770836,0.00533020508916165,0.00804727188185641
-0.00576193558585288,0.00636584964338162,0.00844402204298837
-0.00536035000130224,0.00745663737267874,0.00869195284025383
-0.00513008247885307,0.00804327697812711,0.0087805704163231
-0.00556661962430365,0.00446311006608941,0.00797767433999656
-0.00518383496371451,0.00553804571962397,0.00856552647328449
-0.00475470404618758,0.00666233046828148,0.0089773101259706
-0.00432403029961783,0.00806870585123663,0.00929600686259198
-0.00512181100195114,0.00386289145715021,0.00808571546821115
-0.00456002096952458,0.00519912821147858,0.00877528534929098
-0.00395328548759146,0.00690151038358754,0.0094090517134785
-0.00342430144376138,0.00840732154402042,0.00973507528560257
-0.00457566108353207,0.00368622930138507,0.0084057171353478
-0.00412679304072321,0.00446396956742845,0.00879263848352874
-0.00330096245273677,0.00651596510883515,0.00968123449373641
-0.00268731180907746,0.00828678774637806,0.0100318683087925
-0.00259658170372944,0.00564815680808407,0.00985303540816558
-0.00232346058230187,0.00689079725605286,0.0102281913383
-0.00204237492878019,0.00848572051259137,0.0105027453437306
-0.00176033577649291,0.00939109245705079,0.0105737649036607
-0.00171891417088228,0.00599237894865782,0.0103110484572815
-0.00161703838216033,0.00690838470439763,0.0104820916882893
-0.00144144620860726,0.0082517290525148,0.0108648341484376
-0.00118150428977698,0.00947579348937294,0.0109233885795315
4.79750519089774e-05,0.006618123071647,0.0110793304579416
4.27063681462693e-05,0.00835812511962056,0.0113893756666423
0.000183797634891232,0.009591312589499,0.0115736736585628
0.000334971345095712,0.0104627331593271,0.0114858340433131
0.00196054465533128,0.00597086510502354,0.0114256099118069
0.00162980075500659,0.00719346125660083,0.0116260179558977
0.00153245375914224,0.00846057537041086,0.0118458151440273
0.00163133444213327,0.00988725916232813,0.0120543247971301
0.00479875201360246,0.00356720928681323,0.0116633797666677
0.00381995490094685,0.00474725170618433,0.0116716940505765
0.00310373513164645,0.00661569317889294,0.0118905564629026
0.00289973869028237,0.00972355981191914,0.0123942761293312
0.00602522073938071,0.00337196030105804,0.011838586620596
0.00457040292132386,0.00513652049579681,0.0117942424674376
0.00382555625644547,0.00690824515658385,0.0120379092445917
0.00395942476946782,0.0102383694977014,0.0126600222886666
0.00583094537014289,0.00982164596325368,0.0126017770458539
0.00589746672240938,0.0108616311964599,0.0128002842121594
0.00565395764693547,0.0115874823192151,0.0128937379654643
0.0057884940579162,0.0125026621983242,0.0128121662592635
0.00815593474977166,0.0106957136118126,0.0126790950027254
0.00807041356463177,0.0113085534278318,0.0127887712444132
0.00807881306422676,0.0124053455572674,0.0129851229186484
0.00797123926937479,0.0129513683853565,0.0130178993063038
0.011291878009378,0.00860343120322883,0.0123529742900082
0.0105630920043312,0.01054247455319,0.01244993469157
0.0101545750741288,0.0118420448326333,0.0126766669550026
0.00986060102430707,0.0133441555187749,0.0129390609072774
0.0128219579318668,0.00588490161675349,0.0118416976732644
0.0118937729274181,0.00870233592491501,0.0121546201239972
0.0112265663269353,0.0111753402536497,0.012393678332732
0.0107919491427593,0.0136292151299099,0.0128245104729023
0.0136075474906917,0.00575066864883152,0.0116600098559587
0.0123818097514669,0.00863346868080108,0.0119530292647803
0.0118815953545321,0.0112858142551281,0.0122028584982582
0.0115086859299127,0.0138958005644914,0.0127461856371943
0.0109459148166776,0.0160199764908217,0.0110547683770004
0.010343533073222,0.0161536263475631,0.00991425591046858
0.0101016766647511,0.016244509540556,0.00890894118912825
0.00982687244559164,0.0161673640358091,0.00781869203767007
0.0115064864698643,0.0161858347548944,0.0107140115242876
0.0110441811746327,0.0163575025281074,0.0097881279503746
0.0108099006763761,0.0163828396960839,0.00883386346809162
0.010305965934629,0.0165170603011465,0.00768165318414629
0.0118668494609522,0.0162400336404161,0.00957855294957421
0.0116227596314818,0.0164396604612666,0.00877116009204967
0.0115614927735498,0.0166012125031367,0.00801071003235763
0.0113918909343548,0.016753035442411,0.00714525442310347
0.00971569308089789,0.0162264720395622,0.00693927844123615
0.0100717806895536,0.0165738674238975,0.00678140501367616
0.0111406969985381,0.0166685446289683,0.0065587137214085
0.00885905932074716,-0.010534919266835,0.00143911818527997
0.0089561554244265,-0.0104411174090104,0.00203757062676381
0.00898352053780894,-0.0102801573629337,0.00283381468463832
0.0090194779556742,-0.00986883216064342,0.00395240916639912
0.00886811385415106,-0.00918675204690345,0.00534931200701256
0.00875092515059009,-0.00840643577404612,0.00665403777439452
0.010771310699628,-0.0100649246619127,0.00109224202738198
0.010781583137222,-0.00989594706936884,0.00190931997687039
0.0105509206369724,-0.00972929411702223,0.00284204239979451
0.0104156899058111,-0.00943749804213215,0.00394941329169717
0.0102753028449999,-0.00884920097782473,0.00515628113349609
0.0102457433461016,-0.00850668638223932,0.00572862668061404
0.0103132355434961,-0.00793931653127098,0.00622788034576569
0.00972381859701826,-0.00748475087853517,0.00703260069343583
